contract_id,account_id,pricing_type,included_usage_units,overage_rate,contract_start,contract_end,renewal_date,auto_renew
CTR-002,ACC-002,usage-based,126353,0.0133,2025-04-27,2026-04-27,2026-04-27,True
CTR-003,ACC-003,usage-based,140000,0.05,2024-10-07,2025-10-07,2025-10-07,False
CTR-004,ACC-004,usage-based,120000,0.05,2025-02-08,2026-02-08,2026-02-08,True
CTR-005,ACC-005,usage-based,61767,0.0379,2024-09-18,2025-09-18,2025-09-18,True
CTR-006,ACC-006,usage-based,32480,0.0334,2024-10-19,2025-10-19,2025-10-19,False
CTR-007,ACC-007,usage-based,130000,0.05,2024-10-19,2025-10-19,2025-10-19,False
CTR-008,ACC-008,usage-based,120000,0.05,2024-11-11,2025-11-11,2025-11-11,True
CTR-009,ACC-009,usage-based,150000,0.05,2025-05-07,2026-05-07,2026-05-07,True
CTR-010,ACC-010,usage-based,177806,0.0242,2024-12-13,2025-12-13,2025-12-13,True
CTR-011,ACC-011,hybrid,5587,0.0537,2025-01-19,2026-01-19,2026-01-19,True
CTR-012,ACC-012,usage-based,120000,0.05,2024-12-01,2025-12-01,2025-12-01,False
CTR-013,ACC-013,usage-based,113798,0.0097,2024-09-11,2025-09-11,2025-09-11,False
CTR-014,ACC-014,usage-based,150000,0.05,2025-03-02,2026-03-02,2026-03-02,True
CTR-015,ACC-015,usage-based,91984,0.0131,2024-12-29,2025-12-29,2025-12-29,False
CTR-016,ACC-016,usage-based,120000,0.05,2024-09-02,2025-09-02,2025-09-02,False
CTR-017,ACC-017,usage-based,90000,0.05,2024-10-16,2025-10-16,2025-10-16,True
CTR-018,ACC-018,hybrid,16230,0.0649,2024-08-09,2025-08-09,2025-08-09,False
CTR-019,ACC-019,usage-based,11174,0.0358,2024-11-01,2025-11-01,2025-11-01,True
CTR-020,ACC-020,usage-based,160000,0.05,2025-01-30,2026-01-30,2026-01-30,True
CTR-021,ACC-021,usage-based,90000,0.05,2025-03-20,2026-03-20,2026-03-20,True
CTR-022,ACC-022,usage-based,85744,0.018,2025-03-01,2026-03-01,2026-03-01,True
CTR-023,ACC-023,usage-based,140000,0.05,2024-11-20,2025-11-20,2025-11-20,True
CTR-024,ACC-024,usage-based,48588,0.0413,2025-01-16,2026-01-16,2026-01-16,True
CTR-025,ACC-025,usage-based,6571,0.0532,2025-05-16,2026-05-16,2026-05-16,True
CTR-026,ACC-026,usage-based,120000,0.05,2025-03-28,2026-03-28,2026-03-28,False
CTR-027,ACC-027,usage-based,110000,0.05,2024-10-11,2025-10-11,2025-10-11,False
CTR-028,ACC-028,usage-based,112399,0.0173,2024-09-26,2025-09-26,2025-09-26,True
CTR-029,ACC-029,usage-based,150000,0.05,2025-02-10,2026-02-10,2026-02-10,True
CTR-030,ACC-030,hybrid,65000,0.0274,2025-04-05,2026-04-05,2026-04-05,False
CTR-031,ACC-031,hybrid,9494,0.0447,2025-04-03,2026-04-03,2026-04-03,True
CTR-032,ACC-032,usage-based,130000,0.05,2025-01-02,2026-01-02,2026-01-02,True
CTR-033,ACC-033,usage-based,107856,0.0165,2025-02-13,2026-02-13,2026-02-13,False
CTR-034,ACC-034,usage-based,100000,0.05,2024-09-01,2025-09-01,2025-09-01,True
CTR-035,ACC-035,usage-based,160000,0.05,2024-11-24,2025-11-24,2025-11-24,False
CTR-036,ACC-036,usage-based,43356,0.0198,2024-09-14,2025-09-14,2025-09-14,True
CTR-037,ACC-037,usage-based,69102,0.043,2024-12-08,2025-12-08,2025-12-08,True
CTR-038,ACC-038,usage-based,140000,0.05,2025-05-25,2026-05-25,2026-05-25,True
CTR-039,ACC-039,usage-based,7916,0.0617,2024-09-16,2025-09-16,2025-09-16,True
CTR-040,ACC-040,usage-based,120000,0.05,2025-04-10,2026-04-10,2026-04-10,True
CTR-041,ACC-041,usage-based,106552,0.0234,2025-01-28,2026-01-28,2026-01-28,False
CTR-042,ACC-042,usage-based,130000,0.05,2024-12-26,2025-12-26,2025-12-26,False
CTR-043,ACC-043,usage-based,201707,0.0089,2025-02-26,2026-02-26,2026-02-26,True
CTR-044,ACC-044,usage-based,14521,0.0426,2024-12-17,2025-12-17,2025-12-17,False
CTR-045,ACC-045,usage-based,160000,0.05,2025-03-28,2026-03-28,2026-03-28,True
CTR-046,ACC-046,usage-based,79787,0.0377,2025-05-03,2026-05-03,2026-05-03,True
CTR-047,ACC-047,usage-based,116279,0.0193,2025-02-28,2026-02-28,2026-02-28,False
CTR-048,ACC-048,usage-based,47430,0.0418,2025-01-09,2026-01-09,2026-01-09,True
CTR-049,ACC-049,hybrid,17210,0.0585,2025-02-22,2026-02-22,2026-02-22,True
CTR-050,ACC-050,usage-based,18132,0.044,2024-10-05,2025-10-05,2025-10-05,False
CTR-051,ACC-051,hybrid,17639,0.0541,2024-09-24,2025-09-24,2025-09-24,False
CTR-052,ACC-052,usage-based,123720,0.0099,2024-08-16,2025-08-16,2025-08-16,True
CTR-053,ACC-053,usage-based,79335,0.0198,2024-10-25,2025-10-25,2025-10-25,False
CTR-055,ACC-055,usage-based,76577,0.0321,2024-10-14,2025-10-14,2025-10-14,True
CTR-056,ACC-056,usage-based,17443,0.0573,2025-05-12,2026-05-12,2026-05-12,True
CTR-057,ACC-057,usage-based,55659,0.0426,2025-03-30,2026-03-30,2026-03-30,False
CTR-058,ACC-058,hybrid,19440,0.0316,2025-01-13,2026-01-13,2026-01-13,False
CTR-059,ACC-059,usage-based,53000,0.0222,2024-08-31,2025-08-31,2025-08-31,True
CTR-060,ACC-060,usage-based,67898,0.0412,2024-09-03,2025-09-03,2025-09-03,True
CTR-061,ACC-061,usage-based,193468,0.0192,2025-01-19,2026-01-19,2026-01-19,False
CTR-062,ACC-062,usage-based,46659,0.0349,2024-11-10,2025-11-10,2025-11-10,True
CTR-063,ACC-063,usage-based,82000,0.0418,2025-04-29,2026-04-29,2026-04-29,True
CTR-064,ACC-064,usage-based,10142,0.0477,2024-09-28,2025-09-28,2025-09-28,False
CTR-065,ACC-065,usage-based,10419,0.0326,2024-09-17,2025-09-17,2025-09-17,False
CTR-066,ACC-066,usage-based,143148,0.0136,2025-01-04,2026-01-04,2026-01-04,True
CTR-067,ACC-067,usage-based,212888,0.0118,2024-11-14,2025-11-14,2025-11-14,False
CTR-068,ACC-068,usage-based,77549,0.022,2024-10-03,2025-10-03,2025-10-03,False
CTR-069,ACC-069,usage-based,230217,0.0156,2024-08-21,2025-08-21,2025-08-21,False
CTR-070,ACC-070,usage-based,53299,0.0245,2024-09-14,2025-09-14,2025-09-14,True
CTR-071,ACC-071,hybrid,8363,0.0441,2025-05-08,2026-05-08,2026-05-08,True
CTR-072,ACC-072,usage-based,78126,0.0177,2024-12-22,2025-12-22,2025-12-22,True
CTR-073,ACC-073,usage-based,199592,0.0242,2024-11-21,2025-11-21,2025-11-21,True
CTR-074,ACC-074,usage-based,77515,0.0217,2024-10-06,2025-10-06,2025-10-06,False
CTR-075,ACC-075,usage-based,82000,0.0362,2024-09-26,2025-09-26,2025-09-26,False
CTR-076,ACC-076,usage-based,198628,0.0099,2025-02-02,2026-02-02,2026-02-02,True
CTR-077,ACC-077,usage-based,46371,0.0257,2024-12-28,2025-12-28,2025-12-28,False
CTR-078,ACC-078,usage-based,107871,0.0088,2025-03-03,2026-03-03,2026-03-03,False
CTR-079,ACC-079,usage-based,9602,0.0588,2024-10-29,2025-10-29,2025-10-29,True
CTR-080,ACC-080,usage-based,40665,0.0333,2025-02-19,2026-02-19,2026-02-19,True
CTR-081,ACC-081,usage-based,84962,0.0406,2025-02-05,2026-02-05,2026-02-05,False
CTR-082,ACC-082,usage-based,129959,0.0202,2025-04-01,2026-04-01,2026-04-01,False
CTR-083,ACC-083,usage-based,92189,0.0238,2025-03-24,2026-03-24,2026-03-24,False
CTR-084,ACC-084,usage-based,53975,0.0348,2024-09-10,2025-09-10,2025-09-10,True
CTR-085,ACC-085,usage-based,210764,0.0081,2025-05-02,2026-05-02,2026-05-02,False
CTR-086,ACC-086,usage-based,78972,0.0326,2024-08-23,2025-08-23,2025-08-23,True
CTR-087,ACC-087,usage-based,231664,0.011,2025-03-22,2026-03-22,2026-03-22,True
CTR-088,ACC-088,usage-based,73000,0.029,2024-12-13,2025-12-13,2025-12-13,False
CTR-089,ACC-089,usage-based,51437,0.0444,2025-01-19,2026-01-19,2026-01-19,False
CTR-090,ACC-090,usage-based,184299,0.0244,2024-12-27,2025-12-27,2025-12-27,False
CTR-091,ACC-091,usage-based,76743,0.019,2024-10-27,2025-10-27,2025-10-27,False
CTR-092,ACC-092,usage-based,223604,0.0226,2025-02-04,2026-02-04,2026-02-04,True
CTR-093,ACC-093,usage-based,37743,0.0337,2024-12-29,2025-12-29,2025-12-29,False
CTR-094,ACC-094,usage-based,124000,0.0434,2025-03-20,2026-03-20,2026-03-20,True
CTR-095,ACC-095,usage-based,57023,0.0313,2024-12-12,2025-12-12,2025-12-12,True
CTR-096,ACC-096,hybrid,16542,0.0497,2024-10-25,2025-10-25,2025-10-25,False
CTR-097,ACC-097,usage-based,190726,0.0217,2024-09-01,2025-09-01,2025-09-01,True
CTR-098,ACC-098,usage-based,86624,0.0145,2025-04-29,2026-04-29,2026-04-29,True
CTR-099,ACC-099,usage-based,37100,0.023,2025-03-05,2026-03-05,2026-03-05,False
CTR-100,ACC-100,usage-based,68786,0.0225,2025-04-25,2026-04-25,2026-04-25,False
CTR-101,ACC-101,usage-based,133477,0.0208,2025-05-10,2026-05-10,2026-05-10,False
CTR-102,ACC-102,usage-based,77348,0.0286,2025-02-01,2026-02-01,2026-02-01,False
CTR-103,ACC-103,hybrid,12785,0.0479,2024-08-19,2025-08-19,2025-08-19,False
CTR-104,ACC-104,usage-based,69412,0.0349,2024-11-12,2025-11-12,2025-11-12,False
CTR-105,ACC-105,usage-based,51300,0.0437,2024-12-17,2025-12-17,2025-12-17,True
CTR-106,ACC-106,usage-based,83398,0.0206,2025-02-12,2026-02-12,2026-02-12,False
CTR-108,ACC-108,usage-based,78393,0.0218,2024-11-19,2025-11-19,2025-11-19,True
CTR-109,ACC-109,usage-based,74865,0.0367,2025-02-16,2026-02-16,2026-02-16,False
CTR-110,ACC-110,usage-based,53413,0.0203,2025-04-18,2026-04-18,2026-04-18,True
CTR-111,ACC-111,usage-based,10694,0.0557,2025-03-26,2026-03-26,2026-03-26,False
CTR-112,ACC-112,usage-based,88000,0.0258,2025-01-04,2026-01-04,2026-01-04,False
CTR-113,ACC-113,usage-based,32524,0.0198,2025-01-16,2026-01-16,2026-01-16,True
CTR-114,ACC-114,usage-based,166655,0.0159,2025-03-08,2026-03-08,2026-03-08,True
CTR-115,ACC-115,usage-based,10036,0.0625,2025-04-30,2026-04-30,2026-04-30,False
CTR-116,ACC-116,usage-based,56148,0.0387,2024-11-24,2025-11-24,2025-11-24,True
CTR-117,ACC-117,usage-based,61000,0.0361,2024-12-15,2025-12-15,2025-12-15,True
CTR-118,ACC-118,usage-based,128200,0.0169,2024-09-10,2025-09-10,2025-09-10,True
CTR-119,ACC-119,usage-based,51258,0.0313,2024-11-01,2025-11-01,2025-11-01,True
CTR-120,ACC-120,usage-based,16449,0.0377,2024-07-31,2025-07-31,2025-07-31,False
CTR-121,ACC-121,usage-based,166787,0.0141,2025-02-04,2026-02-04,2026-02-04,False
CTR-122,ACC-122,usage-based,227150,0.022,2025-05-22,2026-05-22,2026-05-22,True
CTR-123,ACC-123,usage-based,67839,0.0254,2025-01-23,2026-01-23,2026-01-23,True
CTR-124,ACC-124,usage-based,90453,0.0196,2024-12-13,2025-12-13,2025-12-13,False
CTR-125,ACC-125,usage-based,94000,0.0433,2025-03-29,2026-03-29,2026-03-29,False
CTR-126,ACC-126,usage-based,40815,0.0312,2025-01-02,2026-01-02,2026-01-02,True
CTR-127,ACC-127,usage-based,21936,0.0588,2024-11-16,2025-11-16,2025-11-16,False
CTR-128,ACC-128,usage-based,55903,0.0163,2025-02-17,2026-02-17,2026-02-17,False
CTR-129,ACC-129,usage-based,57678,0.0175,2025-04-07,2026-04-07,2026-04-07,True
CTR-130,ACC-130,usage-based,74680,0.0311,2025-05-23,2026-05-23,2026-05-23,True
CTR-131,ACC-131,hybrid,11906,0.0535,2025-02-06,2026-02-06,2026-02-06,False
CTR-132,ACC-132,usage-based,78766,0.0181,2024-08-24,2025-08-24,2025-08-24,False
CTR-133,ACC-133,hybrid,7363,0.0561,2025-03-09,2026-03-09,2026-03-09,True
CTR-134,ACC-134,usage-based,54095,0.0365,2025-05-07,2026-05-07,2026-05-07,True
CTR-135,ACC-135,usage-based,99201,0.0089,2025-01-18,2026-01-18,2026-01-18,True
CTR-136,ACC-136,usage-based,230722,0.022,2025-01-14,2026-01-14,2026-01-14,False
CTR-137,ACC-137,usage-based,49430,0.0285,2024-08-06,2025-08-06,2025-08-06,False
CTR-138,ACC-138,usage-based,15367,0.0306,2025-03-27,2026-03-27,2026-03-27,True
CTR-139,ACC-139,usage-based,66036,0.0366,2025-04-24,2026-04-24,2026-04-24,True
CTR-140,ACC-140,usage-based,69933,0.0404,2024-11-24,2025-11-24,2025-11-24,True
CTR-141,ACC-141,usage-based,155978,0.0214,2024-12-23,2025-12-23,2025-12-23,True
CTR-142,ACC-142,usage-based,42449,0.038,2024-10-14,2025-10-14,2025-10-14,False
CTR-143,ACC-143,usage-based,49894,0.0397,2025-05-11,2026-05-11,2026-05-11,False
CTR-144,ACC-144,usage-based,120979,0.0171,2025-03-18,2026-03-18,2026-03-18,False
CTR-145,ACC-145,usage-based,76217,0.0389,2024-12-26,2025-12-26,2025-12-26,True
CTR-146,ACC-146,usage-based,49000,0.0274,2024-11-16,2025-11-16,2025-11-16,True
CTR-147,ACC-147,hybrid,9632,0.0343,2025-05-24,2026-05-24,2026-05-24,False
CTR-148,ACC-148,usage-based,59202,0.0314,2025-04-13,2026-04-13,2026-04-13,False
CTR-149,ACC-149,usage-based,94000,0.0292,2024-12-01,2025-12-01,2025-12-01,True
CTR-150,ACC-150,usage-based,51043,0.0422,2024-09-06,2025-09-06,2025-09-06,True
CTR-151,ACC-151,hybrid,10274,0.0364,2025-01-17,2026-01-17,2026-01-17,True
CTR-152,ACC-152,usage-based,31511,0.0204,2025-04-29,2026-04-29,2026-04-29,False
CTR-153,ACC-153,usage-based,7396,0.0402,2025-04-22,2026-04-22,2026-04-22,False
CTR-154,ACC-154,usage-based,30435,0.0209,2024-08-12,2025-08-12,2025-08-12,False
CTR-155,ACC-155,usage-based,45682,0.0257,2025-01-26,2026-01-26,2026-01-26,True
CTR-156,ACC-156,usage-based,136000,0.0307,2025-04-21,2026-04-21,2026-04-21,True
CTR-157,ACC-157,usage-based,15413,0.047,2024-12-09,2025-12-09,2025-12-09,False
CTR-158,ACC-158,usage-based,233136,0.0106,2024-11-21,2025-11-21,2025-11-21,False
CTR-159,ACC-159,usage-based,192278,0.0109,2024-12-17,2025-12-17,2025-12-17,True
CTR-161,ACC-161,usage-based,75489,0.0216,2024-10-15,2025-10-15,2025-10-15,False
CTR-162,ACC-162,usage-based,174237,0.0103,2024-12-08,2025-12-08,2025-12-08,False
CTR-163,ACC-163,usage-based,201332,0.0156,2024-12-21,2025-12-21,2025-12-21,False
CTR-164,ACC-164,hybrid,8566,0.0362,2025-04-15,2026-04-15,2026-04-15,False
CTR-165,ACC-165,usage-based,80276,0.0398,2024-08-24,2025-08-24,2025-08-24,True
CTR-166,ACC-166,usage-based,41251,0.037,2025-04-17,2026-04-17,2026-04-17,True
CTR-167,ACC-167,usage-based,82465,0.0156,2024-09-09,2025-09-09,2025-09-09,True
CTR-168,ACC-168,usage-based,18275,0.0569,2025-02-07,2026-02-07,2026-02-07,True
CTR-169,ACC-169,usage-based,60149,0.0228,2024-09-27,2025-09-27,2025-09-27,True
CTR-170,ACC-170,usage-based,175897,0.0147,2024-12-29,2025-12-29,2025-12-29,True
CTR-171,ACC-171,usage-based,54454,0.03,2024-07-27,2025-07-27,2025-07-27,False
CTR-172,ACC-172,usage-based,47846,0.0301,2025-01-24,2026-01-24,2026-01-24,True
CTR-173,ACC-173,usage-based,73624,0.0304,2024-10-10,2025-10-10,2025-10-10,True
CTR-174,ACC-174,usage-based,35740,0.032,2025-03-13,2026-03-13,2026-03-13,False
CTR-175,ACC-175,usage-based,69000,0.0389,2025-05-06,2026-05-06,2026-05-06,True
CTR-176,ACC-176,usage-based,73903,0.0296,2025-04-24,2026-04-24,2026-04-24,False
CTR-177,ACC-177,usage-based,48211,0.022,2025-02-10,2026-02-10,2026-02-10,False
CTR-178,ACC-178,usage-based,181736,0.016,2024-10-06,2025-10-06,2025-10-06,True
CTR-179,ACC-179,usage-based,26615,0.0444,2024-12-12,2025-12-12,2025-12-12,True
CTR-180,ACC-180,usage-based,70120,0.0441,2025-01-06,2026-01-06,2026-01-06,False
CTR-181,ACC-181,usage-based,61921,0.0313,2025-02-26,2026-02-26,2026-02-26,False
CTR-182,ACC-182,usage-based,179226,0.0142,2025-04-17,2026-04-17,2026-04-17,False
CTR-183,ACC-183,usage-based,48663,0.0442,2025-02-01,2026-02-01,2026-02-01,False
CTR-184,ACC-184,hybrid,16563,0.0586,2024-12-01,2025-12-01,2025-12-01,False
CTR-185,ACC-185,usage-based,75947,0.0295,2025-05-23,2026-05-23,2026-05-23,True
CTR-186,ACC-186,usage-based,100000,0.0338,2025-01-29,2026-01-29,2026-01-29,True
CTR-187,ACC-187,usage-based,106000,0.0353,2025-01-03,2026-01-03,2026-01-03,True
CTR-188,ACC-188,usage-based,33846,0.0206,2024-08-05,2025-08-05,2025-08-05,True
CTR-189,ACC-189,hybrid,12547,0.0445,2024-12-08,2025-12-08,2025-12-08,True
CTR-190,ACC-190,hybrid,20778,0.0536,2024-09-23,2025-09-23,2025-09-23,True
CTR-191,ACC-191,usage-based,62718,0.0198,2024-10-28,2025-10-28,2025-10-28,True
CTR-192,ACC-192,hybrid,12984,0.0315,2025-03-05,2026-03-05,2026-03-05,True
CTR-193,ACC-193,usage-based,65257,0.0304,2025-03-12,2026-03-12,2026-03-12,True
CTR-194,ACC-194,hybrid,10450,0.039,2025-02-23,2026-02-23,2026-02-23,False
CTR-195,ACC-195,usage-based,237117,0.0245,2025-05-17,2026-05-17,2026-05-17,False
CTR-196,ACC-196,usage-based,102478,0.0117,2024-09-27,2025-09-27,2025-09-27,False
CTR-197,ACC-197,usage-based,35178,0.0216,2024-10-28,2025-10-28,2025-10-28,True
CTR-198,ACC-198,usage-based,232737,0.0219,2025-02-22,2026-02-22,2026-02-22,False
CTR-199,ACC-199,usage-based,34991,0.0367,2024-12-02,2025-12-02,2025-12-02,False
CTR-200,ACC-200,usage-based,236377,0.018,2025-01-29,2026-01-29,2026-01-29,False
CTR-201,ACC-201,hybrid,17630,0.0346,2025-05-18,2026-05-18,2026-05-18,True
CTR-202,ACC-202,usage-based,58256,0.0408,2024-09-10,2025-09-10,2025-09-10,False
CTR-203,ACC-203,usage-based,78166,0.0195,2025-04-07,2026-04-07,2026-04-07,True
CTR-204,ACC-204,usage-based,57000,0.0306,2025-05-07,2026-05-07,2026-05-07,True
CTR-205,ACC-205,usage-based,104429,0.0162,2024-07-29,2025-07-29,2025-07-29,True
CTR-206,ACC-206,usage-based,82783,0.0431,2024-10-18,2025-10-18,2025-10-18,False
CTR-207,ACC-207,hybrid,17136,0.0606,2024-08-28,2025-08-28,2025-08-28,False
CTR-208,ACC-208,usage-based,39039,0.0432,2024-09-22,2025-09-22,2025-09-22,False
CTR-209,ACC-209,usage-based,16485,0.0506,2025-04-06,2026-04-06,2026-04-06,False
CTR-210,ACC-210,usage-based,9387,0.0389,2025-01-27,2026-01-27,2026-01-27,True
CTR-211,ACC-211,hybrid,14282,0.0509,2024-10-29,2025-10-29,2025-10-29,False
CTR-212,ACC-212,usage-based,36387,0.0152,2025-05-23,2026-05-23,2026-05-23,True
CTR-214,ACC-214,hybrid,5235,0.0431,2025-02-10,2026-02-10,2026-02-10,False
CTR-215,ACC-215,usage-based,187176,0.0142,2025-03-08,2026-03-08,2026-03-08,False
CTR-216,ACC-216,usage-based,66701,0.0326,2025-01-13,2026-01-13,2026-01-13,False
CTR-217,ACC-217,usage-based,16981,0.0514,2024-11-04,2025-11-04,2025-11-04,True
CTR-218,ACC-218,usage-based,76000,0.0333,2024-09-21,2025-09-21,2025-09-21,True
CTR-219,ACC-219,usage-based,48262,0.0318,2024-09-21,2025-09-21,2025-09-21,False
CTR-220,ACC-220,usage-based,15048,0.0502,2024-11-04,2025-11-04,2025-11-04,True
CTR-221,ACC-221,usage-based,80033,0.0409,2025-03-27,2026-03-27,2026-03-27,True
CTR-222,ACC-222,usage-based,197072,0.0213,2024-08-24,2025-08-24,2025-08-24,True
CTR-223,ACC-223,usage-based,106000,0.027,2024-09-08,2025-09-08,2025-09-08,False
CTR-224,ACC-224,usage-based,75516,0.0252,2025-04-30,2026-04-30,2026-04-30,True
CTR-225,ACC-225,usage-based,49500,0.0439,2025-05-24,2026-05-24,2026-05-24,True
CTR-226,ACC-226,usage-based,77952,0.0194,2024-10-16,2025-10-16,2025-10-16,True
CTR-227,ACC-227,hybrid,7099,0.0392,2024-11-18,2025-11-18,2025-11-18,True
CTR-228,ACC-228,usage-based,239653,0.0086,2024-11-11,2025-11-11,2025-11-11,False
CTR-229,ACC-229,usage-based,64236,0.0347,2024-12-31,2025-12-31,2025-12-31,True
CTR-230,ACC-230,usage-based,74699,0.0396,2024-09-15,2025-09-15,2025-09-15,False
CTR-231,ACC-231,usage-based,5350,0.0371,2024-09-03,2025-09-03,2025-09-03,False
CTR-232,ACC-232,usage-based,131051,0.0086,2024-09-07,2025-09-07,2025-09-07,True
CTR-233,ACC-233,usage-based,45000,0.0331,2025-05-08,2026-05-08,2026-05-08,False
CTR-234,ACC-234,usage-based,142719,0.0191,2025-03-07,2026-03-07,2026-03-07,True
CTR-235,ACC-235,usage-based,152335,0.0213,2024-11-27,2025-11-27,2025-11-27,False
CTR-236,ACC-236,usage-based,50571,0.0326,2024-09-03,2025-09-03,2025-09-03,True
CTR-237,ACC-237,usage-based,72295,0.0361,2025-04-10,2026-04-10,2026-04-10,False
CTR-238,ACC-238,usage-based,71588,0.0399,2024-11-29,2025-11-29,2025-11-29,False
CTR-239,ACC-239,usage-based,77445,0.0233,2024-08-13,2025-08-13,2025-08-13,True
CTR-240,ACC-240,usage-based,53803,0.0429,2025-05-24,2026-05-24,2026-05-24,False
CTR-241,ACC-241,usage-based,35471,0.0272,2025-04-02,2026-04-02,2026-04-02,True
CTR-242,ACC-242,usage-based,56975,0.0238,2025-03-28,2026-03-28,2026-03-28,False
CTR-243,ACC-243,usage-based,81416,0.0311,2025-01-18,2026-01-18,2026-01-18,False
CTR-244,ACC-244,usage-based,17356,0.0497,2025-01-22,2026-01-22,2026-01-22,False
CTR-245,ACC-245,usage-based,74829,0.0288,2024-10-03,2025-10-03,2025-10-03,True
CTR-246,ACC-246,usage-based,206345,0.01,2025-04-22,2026-04-22,2026-04-22,False
CTR-247,ACC-247,usage-based,65527,0.0387,2025-02-03,2026-02-03,2026-02-03,True
CTR-248,ACC-248,usage-based,76439,0.0245,2024-11-27,2025-11-27,2025-11-27,True
CTR-249,ACC-249,usage-based,118000,0.039,2025-01-12,2026-01-12,2026-01-12,True
CTR-250,ACC-250,usage-based,155311,0.0096,2024-12-02,2025-12-02,2025-12-02,True
CTR-251,ACC-251,usage-based,60343,0.0429,2024-09-25,2025-09-25,2025-09-25,False
CTR-252,ACC-252,usage-based,172677,0.0117,2025-01-09,2026-01-09,2026-01-09,True
CTR-253,ACC-253,usage-based,72900,0.0355,2025-02-18,2026-02-18,2026-02-18,False
CTR-254,ACC-254,usage-based,72307,0.021,2025-01-23,2026-01-23,2026-01-23,False
CTR-255,ACC-255,usage-based,37551,0.0219,2025-01-19,2026-01-19,2026-01-19,False
CTR-256,ACC-256,usage-based,120893,0.0212,2024-07-28,2025-07-28,2025-07-28,True
CTR-257,ACC-257,usage-based,209149,0.0184,2025-05-05,2026-05-05,2026-05-05,False
CTR-258,ACC-258,usage-based,48326,0.0336,2024-09-16,2025-09-16,2025-09-16,False
CTR-259,ACC-259,usage-based,56165,0.0205,2024-09-07,2025-09-07,2025-09-07,False
CTR-260,ACC-260,usage-based,112000,0.033,2025-03-22,2026-03-22,2026-03-22,True
CTR-261,ACC-261,usage-based,18866,0.0467,2025-05-10,2026-05-10,2026-05-10,False
CTR-262,ACC-262,usage-based,65000,0.0291,2025-02-26,2026-02-26,2026-02-26,False
CTR-263,ACC-263,usage-based,111553,0.0199,2024-10-03,2025-10-03,2025-10-03,False
CTR-264,ACC-264,usage-based,69168,0.0153,2025-02-08,2026-02-08,2026-02-08,False
CTR-265,ACC-265,usage-based,62076,0.018,2024-11-22,2025-11-22,2025-11-22,False
CTR-267,ACC-267,usage-based,36265,0.0315,2025-01-25,2026-01-25,2026-01-25,False
CTR-268,ACC-268,usage-based,54890,0.0438,2024-12-02,2025-12-02,2025-12-02,False
CTR-269,ACC-269,usage-based,36052,0.03,2025-02-08,2026-02-08,2026-02-08,False
CTR-270,ACC-270,usage-based,177598,0.0142,2024-11-02,2025-11-02,2025-11-02,False
CTR-271,ACC-271,usage-based,53538,0.0204,2025-03-20,2026-03-20,2026-03-20,True
CTR-272,ACC-272,usage-based,77358,0.018,2025-01-08,2026-01-08,2026-01-08,True
CTR-273,ACC-273,usage-based,19162,0.06,2024-07-31,2025-07-31,2025-07-31,True
CTR-274,ACC-274,usage-based,76431,0.0438,2025-03-11,2026-03-11,2026-03-11,False
CTR-275,ACC-275,usage-based,76800,0.0153,2024-10-23,2025-10-23,2025-10-23,False
CTR-276,ACC-276,usage-based,32812,0.0449,2024-09-04,2025-09-04,2025-09-04,False
CTR-277,ACC-277,usage-based,75467,0.0296,2025-01-18,2026-01-18,2026-01-18,True
CTR-278,ACC-278,usage-based,184438,0.0097,2025-03-04,2026-03-04,2026-03-04,True
CTR-279,ACC-279,usage-based,38120,0.0394,2024-09-25,2025-09-25,2025-09-25,True
CTR-280,ACC-280,usage-based,88000,0.034,2024-12-06,2025-12-06,2025-12-06,False
CTR-281,ACC-281,usage-based,16828,0.0426,2025-01-15,2026-01-15,2026-01-15,False
CTR-282,ACC-282,usage-based,25299,0.0274,2024-11-28,2025-11-28,2025-11-28,True
CTR-283,ACC-283,usage-based,61804,0.0323,2024-08-24,2025-08-24,2025-08-24,True
CTR-284,ACC-284,usage-based,154608,0.014,2024-09-07,2025-09-07,2025-09-07,False
CTR-285,ACC-285,usage-based,74773,0.0371,2025-04-16,2026-04-16,2026-04-16,False
CTR-286,ACC-286,usage-based,14388,0.0462,2025-03-13,2026-03-13,2026-03-13,True
CTR-287,ACC-287,usage-based,65981,0.0392,2024-12-05,2025-12-05,2025-12-05,False
CTR-288,ACC-288,usage-based,18263,0.0597,2025-04-20,2026-04-20,2026-04-20,True
CTR-289,ACC-289,usage-based,122467,0.0138,2024-12-17,2025-12-17,2025-12-17,False
CTR-290,ACC-290,usage-based,66795,0.0237,2024-08-02,2025-08-02,2025-08-02,False
CTR-291,ACC-291,usage-based,53000,0.0269,2024-10-11,2025-10-11,2025-10-11,False
CTR-292,ACC-292,usage-based,73014,0.0326,2024-10-08,2025-10-08,2025-10-08,False
CTR-293,ACC-293,usage-based,34965,0.0205,2025-05-15,2026-05-15,2026-05-15,True
CTR-294,ACC-294,usage-based,141506,0.0193,2025-04-16,2026-04-16,2026-04-16,True
CTR-295,ACC-295,usage-based,34938,0.0269,2025-04-08,2026-04-08,2026-04-08,True
CTR-296,ACC-296,usage-based,81585,0.0292,2025-04-29,2026-04-29,2026-04-29,True
CTR-297,ACC-297,usage-based,118000,0.0404,2024-08-31,2025-08-31,2025-08-31,True
CTR-298,ACC-298,usage-based,30811,0.0229,2025-03-08,2026-03-08,2026-03-08,True
CTR-299,ACC-299,usage-based,182195,0.0133,2025-01-20,2026-01-20,2026-01-20,False
CTR-300,ACC-300,hybrid,19521,0.0519,2025-03-20,2026-03-20,2026-03-20,True
CTR-301,ACC-301,usage-based,25872,0.0161,2024-11-25,2025-11-25,2025-11-25,False
CTR-302,ACC-302,usage-based,80638,0.0293,2025-01-07,2026-01-07,2026-01-07,False
CTR-303,ACC-303,usage-based,115419,0.0245,2025-02-25,2026-02-25,2026-02-25,False
CTR-304,ACC-304,usage-based,65356,0.0375,2024-10-16,2025-10-16,2025-10-16,False
CTR-305,ACC-305,usage-based,83567,0.0254,2025-01-30,2026-01-30,2026-01-30,True
CTR-306,ACC-306,usage-based,195831,0.0132,2024-10-27,2025-10-27,2025-10-27,False
CTR-307,ACC-307,usage-based,34205,0.0241,2024-07-25,2025-07-25,2025-07-25,True
CTR-308,ACC-308,usage-based,46536,0.0236,2024-08-26,2025-08-26,2025-08-26,True
CTR-309,ACC-309,usage-based,21119,0.0631,2024-09-24,2025-09-24,2025-09-24,False
CTR-310,ACC-310,usage-based,24598,0.038,2024-12-28,2025-12-28,2025-12-28,True
CTR-311,ACC-311,usage-based,130000,0.0409,2024-11-16,2025-11-16,2025-11-16,True
CTR-312,ACC-312,usage-based,187934,0.023,2024-10-15,2025-10-15,2025-10-15,False
CTR-313,ACC-313,hybrid,13188,0.0357,2024-11-08,2025-11-08,2025-11-08,False
CTR-314,ACC-314,usage-based,38456,0.0229,2024-10-22,2025-10-22,2025-10-22,True
CTR-315,ACC-315,hybrid,21928,0.0568,2025-01-07,2026-01-07,2026-01-07,False
CTR-316,ACC-316,usage-based,66497,0.0373,2025-01-09,2026-01-09,2026-01-09,False
CTR-317,ACC-317,usage-based,36320,0.0406,2025-02-22,2026-02-22,2026-02-22,True
CTR-318,ACC-318,hybrid,14489,0.0339,2024-10-05,2025-10-05,2025-10-05,False
CTR-320,ACC-320,usage-based,73000,0.0269,2024-09-17,2025-09-17,2025-09-17,True
CTR-321,ACC-321,usage-based,164054,0.0083,2025-05-01,2026-05-01,2026-05-01,True
CTR-322,ACC-322,usage-based,36185,0.0442,2025-01-02,2026-01-02,2026-01-02,False
CTR-323,ACC-323,usage-based,112778,0.0202,2025-05-22,2026-05-22,2026-05-22,True
CTR-324,ACC-324,usage-based,7955,0.0353,2024-09-16,2025-09-16,2025-09-16,True
CTR-325,ACC-325,usage-based,46407,0.0276,2024-09-13,2025-09-13,2025-09-13,False
CTR-326,ACC-326,usage-based,20194,0.0544,2025-05-10,2026-05-10,2026-05-10,False
CTR-327,ACC-327,usage-based,101030,0.0223,2025-03-13,2026-03-13,2026-03-13,True
CTR-328,ACC-328,usage-based,41465,0.0383,2025-04-20,2026-04-20,2026-04-20,False
CTR-329,ACC-329,usage-based,35901,0.0208,2025-01-18,2026-01-18,2026-01-18,False
CTR-330,ACC-330,hybrid,5413,0.0343,2025-01-19,2026-01-19,2026-01-19,False
CTR-331,ACC-331,hybrid,19514,0.0387,2025-05-09,2026-05-09,2026-05-09,True
CTR-332,ACC-332,usage-based,54201,0.0371,2025-04-08,2026-04-08,2026-04-08,True
CTR-333,ACC-333,hybrid,20493,0.0436,2024-12-18,2025-12-18,2025-12-18,False
CTR-334,ACC-334,usage-based,124000,0.0282,2025-05-05,2026-05-05,2026-05-05,True
CTR-335,ACC-335,usage-based,40601,0.0294,2024-12-25,2025-12-25,2025-12-25,True
CTR-336,ACC-336,usage-based,47620,0.0416,2025-02-04,2026-02-04,2026-02-04,True
CTR-337,ACC-337,usage-based,141857,0.0188,2024-12-11,2025-12-11,2025-12-11,True
CTR-338,ACC-338,usage-based,34968,0.0388,2025-03-26,2026-03-26,2026-03-26,False
CTR-339,ACC-339,usage-based,143724,0.0082,2025-05-05,2026-05-05,2026-05-05,False
CTR-340,ACC-340,usage-based,236293,0.0106,2025-04-11,2026-04-11,2026-04-11,True
CTR-341,ACC-341,usage-based,34334,0.03,2024-08-15,2025-08-15,2025-08-15,False
CTR-342,ACC-342,usage-based,100000,0.0436,2025-04-26,2026-04-26,2026-04-26,True
CTR-343,ACC-343,usage-based,47299,0.0343,2024-08-25,2025-08-25,2025-08-25,True
CTR-344,ACC-344,usage-based,9123,0.0471,2024-12-15,2025-12-15,2025-12-15,False
CTR-345,ACC-345,usage-based,76790,0.0418,2025-02-17,2026-02-17,2026-02-17,True
CTR-346,ACC-346,usage-based,69170,0.0263,2025-03-19,2026-03-19,2026-03-19,False
CTR-347,ACC-347,usage-based,82894,0.0162,2024-10-14,2025-10-14,2025-10-14,False
CTR-348,ACC-348,usage-based,222274,0.0198,2025-02-18,2026-02-18,2026-02-18,True
CTR-349,ACC-349,usage-based,61000,0.0318,2024-12-12,2025-12-12,2025-12-12,False
CTR-350,ACC-350,usage-based,152174,0.0228,2025-03-05,2026-03-05,2026-03-05,True
CTR-351,ACC-351,hybrid,10079,0.0457,2025-01-12,2026-01-12,2026-01-12,False
CTR-352,ACC-352,usage-based,53758,0.015,2024-09-09,2025-09-09,2025-09-09,False
CTR-353,ACC-353,usage-based,72080,0.0206,2025-05-17,2026-05-17,2026-05-17,False
CTR-354,ACC-354,hybrid,12824,0.0412,2025-04-24,2026-04-24,2026-04-24,False
CTR-355,ACC-355,usage-based,36443,0.0307,2024-09-14,2025-09-14,2025-09-14,True
CTR-356,ACC-356,usage-based,64176,0.0235,2024-10-29,2025-10-29,2025-10-29,False
CTR-357,ACC-357,usage-based,108957,0.0096,2025-04-22,2026-04-22,2026-04-22,True
CTR-358,ACC-358,usage-based,78735,0.0431,2024-07-30,2025-07-30,2025-07-30,True
CTR-359,ACC-359,usage-based,37243,0.0182,2025-02-17,2026-02-17,2026-02-17,True
CTR-360,ACC-360,usage-based,88340,0.0177,2024-11-09,2025-11-09,2025-11-09,False
CTR-361,ACC-361,hybrid,13386,0.0317,2025-02-02,2026-02-02,2026-02-02,True
CTR-362,ACC-362,usage-based,5428,0.0626,2025-02-09,2026-02-09,2026-02-09,False
CTR-363,ACC-363,usage-based,100960,0.016,2025-04-25,2026-04-25,2026-04-25,False
CTR-364,ACC-364,usage-based,226281,0.0206,2024-10-26,2025-10-26,2025-10-26,False
CTR-365,ACC-365,usage-based,95283,0.022,2025-01-10,2026-01-10,2026-01-10,True
CTR-366,ACC-366,usage-based,72123,0.0171,2024-12-22,2025-12-22,2025-12-22,True
CTR-367,ACC-367,usage-based,38149,0.0438,2025-04-07,2026-04-07,2026-04-07,True
CTR-368,ACC-368,hybrid,12569,0.0486,2025-02-18,2026-02-18,2026-02-18,True
CTR-369,ACC-369,usage-based,58484,0.0347,2025-02-24,2026-02-24,2026-02-24,False
CTR-370,ACC-370,usage-based,107659,0.021,2024-11-24,2025-11-24,2025-11-24,False
CTR-371,ACC-371,usage-based,130000,0.0391,2024-10-20,2025-10-20,2025-10-20,True
CTR-373,ACC-373,usage-based,70000,0.0283,2025-02-23,2026-02-23,2026-02-23,False
CTR-374,ACC-374,usage-based,57075,0.0251,2025-03-07,2026-03-07,2026-03-07,False
CTR-375,ACC-375,hybrid,16544,0.0616,2024-08-11,2025-08-11,2025-08-11,False
CTR-376,ACC-376,usage-based,79368,0.0262,2024-10-18,2025-10-18,2025-10-18,False
CTR-377,ACC-377,usage-based,12887,0.0497,2025-02-06,2026-02-06,2026-02-06,False
CTR-378,ACC-378,hybrid,49000,0.0358,2025-01-16,2026-01-16,2026-01-16,False
CTR-379,ACC-379,usage-based,53648,0.0284,2024-11-04,2025-11-04,2025-11-04,True
CTR-380,ACC-380,usage-based,89086,0.0247,2025-05-18,2026-05-18,2026-05-18,True
CTR-381,ACC-381,usage-based,82348,0.0241,2024-12-24,2025-12-24,2025-12-24,True
CTR-382,ACC-382,usage-based,38078,0.0407,2025-05-15,2026-05-15,2026-05-15,False
CTR-383,ACC-383,usage-based,84234,0.0316,2025-03-08,2026-03-08,2026-03-08,True
CTR-384,ACC-384,usage-based,6236,0.0461,2025-03-08,2026-03-08,2026-03-08,True
CTR-385,ACC-385,usage-based,41366,0.026,2025-01-19,2026-01-19,2026-01-19,True
CTR-386,ACC-386,usage-based,147172,0.0218,2025-04-09,2026-04-09,2026-04-09,False
CTR-387,ACC-387,usage-based,229176,0.0236,2025-04-17,2026-04-17,2026-04-17,False
CTR-388,ACC-388,usage-based,75963,0.0295,2024-09-19,2025-09-19,2025-09-19,True
CTR-389,ACC-389,hybrid,14843,0.0313,2024-11-12,2025-11-12,2025-11-12,True
CTR-390,ACC-390,usage-based,75126,0.0167,2024-12-06,2025-12-06,2025-12-06,False
CTR-391,ACC-391,usage-based,81658,0.0395,2024-10-25,2025-10-25,2025-10-25,True
CTR-392,ACC-392,usage-based,81002,0.0381,2025-05-21,2026-05-21,2026-05-21,False
CTR-393,ACC-393,usage-based,6773,0.0407,2025-05-05,2026-05-05,2026-05-05,False
CTR-394,ACC-394,usage-based,9901,0.0414,2025-02-02,2026-02-02,2026-02-02,True
CTR-395,ACC-395,usage-based,93243,0.0195,2024-11-06,2025-11-06,2025-11-06,False
CTR-396,ACC-396,usage-based,21538,0.0332,2024-10-17,2025-10-17,2025-10-17,False
CTR-397,ACC-397,usage-based,75535,0.0268,2025-03-20,2026-03-20,2026-03-20,False
CTR-398,ACC-398,usage-based,29409,0.0293,2025-05-01,2026-05-01,2026-05-01,False
CTR-399,ACC-399,usage-based,148827,0.0094,2024-09-12,2025-09-12,2025-09-12,False
CTR-400,ACC-400,usage-based,74713,0.0359,2025-03-18,2026-03-18,2026-03-18,False
CTR-401,ACC-401,usage-based,60654,0.0209,2024-11-05,2025-11-05,2025-11-05,True
CTR-402,ACC-402,usage-based,227106,0.0185,2024-08-31,2025-08-31,2025-08-31,True
CTR-403,ACC-403,hybrid,12940,0.0325,2024-10-18,2025-10-18,2025-10-18,False
CTR-404,ACC-404,usage-based,112000,0.0387,2025-04-11,2026-04-11,2026-04-11,True
CTR-405,ACC-405,usage-based,68023,0.0274,2024-11-20,2025-11-20,2025-11-20,False
CTR-406,ACC-406,hybrid,11241,0.0412,2025-05-14,2026-05-14,2026-05-14,False
CTR-407,ACC-407,usage-based,69000,0.025,2024-11-28,2025-11-28,2025-11-28,False
CTR-408,ACC-408,usage-based,136000,0.0375,2024-10-13,2025-10-13,2025-10-13,True
CTR-409,ACC-409,usage-based,84569,0.0395,2024-07-31,2025-07-31,2025-07-31,False
CTR-410,ACC-410,usage-based,10111,0.0565,2025-04-13,2026-04-13,2026-04-13,True
CTR-411,ACC-411,usage-based,72469,0.0166,2025-03-12,2026-03-12,2026-03-12,False
CTR-412,ACC-412,hybrid,5450,0.042,2025-03-31,2026-03-31,2026-03-31,False
CTR-413,ACC-413,usage-based,19747,0.0465,2024-12-08,2025-12-08,2025-12-08,True
CTR-414,ACC-414,usage-based,72497,0.0311,2025-02-11,2026-02-11,2026-02-11,False
CTR-415,ACC-415,usage-based,20827,0.0518,2025-03-15,2026-03-15,2026-03-15,True
CTR-416,ACC-416,hybrid,17340,0.0504,2024-08-30,2025-08-30,2025-08-30,True
CTR-417,ACC-417,usage-based,40741,0.0201,2025-01-01,2026-01-01,2026-01-01,True
CTR-418,ACC-418,hybrid,13889,0.0319,2025-05-22,2026-05-22,2026-05-22,True
CTR-419,ACC-419,usage-based,49470,0.0348,2024-11-23,2025-11-23,2025-11-23,True
CTR-420,ACC-420,usage-based,25250,0.0238,2024-11-10,2025-11-10,2025-11-10,True
CTR-421,ACC-421,usage-based,48949,0.0303,2025-04-06,2026-04-06,2026-04-06,False
CTR-422,ACC-422,hybrid,20881,0.0603,2024-08-27,2025-08-27,2025-08-27,True
CTR-423,ACC-423,usage-based,36217,0.021,2024-10-04,2025-10-04,2025-10-04,True
CTR-424,ACC-424,hybrid,6302,0.0387,2024-08-28,2025-08-28,2025-08-28,False
CTR-426,ACC-426,usage-based,167443,0.0163,2024-08-17,2025-08-17,2025-08-17,True
CTR-427,ACC-427,usage-based,84816,0.0139,2024-11-27,2025-11-27,2025-11-27,False
CTR-428,ACC-428,usage-based,64975,0.0241,2024-09-12,2025-09-12,2025-09-12,False
CTR-429,ACC-429,usage-based,96255,0.0186,2024-11-09,2025-11-09,2025-11-09,True
CTR-430,ACC-430,usage-based,60368,0.0435,2025-01-31,2026-01-31,2026-01-31,True
CTR-431,ACC-431,usage-based,46399,0.0419,2025-03-17,2026-03-17,2026-03-17,True
CTR-432,ACC-432,usage-based,71834,0.0265,2025-01-30,2026-01-30,2026-01-30,False
CTR-433,ACC-433,usage-based,39752,0.0322,2024-10-20,2025-10-20,2025-10-20,False
CTR-434,ACC-434,usage-based,15790,0.0457,2025-03-20,2026-03-20,2026-03-20,True
CTR-435,ACC-435,usage-based,82000,0.038,2025-02-12,2026-02-12,2026-02-12,True
CTR-436,ACC-436,usage-based,57000,0.0276,2024-08-31,2025-08-31,2025-08-31,True
CTR-437,ACC-437,hybrid,19092,0.0648,2025-03-13,2026-03-13,2026-03-13,True
CTR-438,ACC-438,usage-based,44807,0.017,2024-08-27,2025-08-27,2025-08-27,True
CTR-439,ACC-439,usage-based,128269,0.0134,2025-03-13,2026-03-13,2026-03-13,True
CTR-440,ACC-440,usage-based,163542,0.023,2024-10-27,2025-10-27,2025-10-27,False
CTR-441,ACC-441,hybrid,14940,0.0455,2025-01-06,2026-01-06,2026-01-06,True
CTR-442,ACC-442,usage-based,129265,0.0098,2025-02-21,2026-02-21,2026-02-21,True
CTR-443,ACC-443,usage-based,73967,0.0446,2024-08-13,2025-08-13,2025-08-13,False
CTR-444,ACC-444,usage-based,63688,0.032,2025-01-28,2026-01-28,2026-01-28,True
CTR-445,ACC-445,usage-based,70000,0.0296,2025-05-13,2026-05-13,2026-05-13,False
CTR-446,ACC-446,usage-based,100834,0.0197,2024-09-24,2025-09-24,2025-09-24,True
CTR-447,ACC-447,usage-based,56920,0.0404,2024-09-28,2025-09-28,2025-09-28,False
CTR-448,ACC-448,hybrid,11028,0.0598,2024-09-17,2025-09-17,2025-09-17,False
CTR-449,ACC-449,usage-based,9506,0.0357,2025-01-31,2026-01-31,2026-01-31,True
CTR-450,ACC-450,usage-based,50777,0.0379,2025-05-19,2026-05-19,2026-05-19,False
CTR-451,ACC-451,usage-based,188277,0.0118,2025-02-12,2026-02-12,2026-02-12,True
CTR-452,ACC-452,usage-based,28334,0.0203,2024-10-14,2025-10-14,2025-10-14,False
CTR-453,ACC-453,usage-based,165169,0.0227,2025-01-20,2026-01-20,2026-01-20,False
CTR-454,ACC-454,hybrid,18266,0.0572,2024-11-13,2025-11-13,2025-11-13,False
CTR-455,ACC-455,usage-based,49831,0.0333,2024-08-25,2025-08-25,2025-08-25,True
CTR-456,ACC-456,usage-based,58121,0.0183,2024-10-05,2025-10-05,2025-10-05,True
CTR-457,ACC-457,usage-based,13051,0.0482,2024-11-05,2025-11-05,2025-11-05,True
CTR-458,ACC-458,usage-based,226197,0.0146,2025-05-01,2026-05-01,2026-05-01,True
CTR-459,ACC-459,usage-based,43082,0.0282,2024-12-22,2025-12-22,2025-12-22,False
CTR-460,ACC-460,usage-based,54234,0.02,2024-08-03,2025-08-03,2025-08-03,True
CTR-461,ACC-461,usage-based,215520,0.0234,2024-10-01,2025-10-01,2025-10-01,False
CTR-462,ACC-462,usage-based,7963,0.0553,2025-03-30,2026-03-30,2026-03-30,True
CTR-463,ACC-463,usage-based,233471,0.0239,2025-03-18,2026-03-18,2026-03-18,False
CTR-464,ACC-464,usage-based,51103,0.0247,2025-05-14,2026-05-14,2026-05-14,True
CTR-465,ACC-465,usage-based,45000,0.0302,2025-02-12,2026-02-12,2026-02-12,False
CTR-466,ACC-466,usage-based,124000,0.0268,2024-12-12,2025-12-12,2025-12-12,True
CTR-467,ACC-467,usage-based,112386,0.0096,2024-10-08,2025-10-08,2025-10-08,False
CTR-468,ACC-468,usage-based,7795,0.0483,2024-11-11,2025-11-11,2025-11-11,True
CTR-469,ACC-469,usage-based,48817,0.0315,2025-05-04,2026-05-04,2026-05-04,True
CTR-470,ACC-470,usage-based,83785,0.0251,2025-03-11,2026-03-11,2026-03-11,True
CTR-471,ACC-471,usage-based,80938,0.0193,2025-04-30,2026-04-30,2026-04-30,False
CTR-472,ACC-472,hybrid,15094,0.0408,2024-10-10,2025-10-10,2025-10-10,False
CTR-473,ACC-473,usage-based,65055,0.0204,2025-03-20,2026-03-20,2026-03-20,True
CTR-474,ACC-474,usage-based,80926,0.0186,2025-01-17,2026-01-17,2026-01-17,True
CTR-475,ACC-475,usage-based,200230,0.0165,2024-09-13,2025-09-13,2025-09-13,True
CTR-476,ACC-476,usage-based,63844,0.0415,2025-01-25,2026-01-25,2026-01-25,True
CTR-477,ACC-477,hybrid,20588,0.0459,2024-08-08,2025-08-08,2025-08-08,True
CTR-479,ACC-479,usage-based,5215,0.0386,2025-01-04,2026-01-04,2026-01-04,True
CTR-480,ACC-480,usage-based,92823,0.0111,2025-04-28,2026-04-28,2026-04-28,False
CTR-481,ACC-481,usage-based,89626,0.0105,2025-05-10,2026-05-10,2026-05-10,False
CTR-482,ACC-482,usage-based,76000,0.0316,2025-04-12,2026-04-12,2026-04-12,True
CTR-483,ACC-483,usage-based,108544,0.0151,2025-02-24,2026-02-24,2026-02-24,True
CTR-484,ACC-484,usage-based,68046,0.0235,2025-02-25,2026-02-25,2026-02-25,False
CTR-485,ACC-485,usage-based,16802,0.0626,2025-04-09,2026-04-09,2026-04-09,False
CTR-486,ACC-486,usage-based,164625,0.0143,2024-11-13,2025-11-13,2025-11-13,True
CTR-487,ACC-487,usage-based,73705,0.0278,2025-04-23,2026-04-23,2026-04-23,False
CTR-488,ACC-488,usage-based,54855,0.019,2025-01-06,2026-01-06,2026-01-06,False
CTR-489,ACC-489,usage-based,18558,0.0484,2025-02-08,2026-02-08,2026-02-08,True
CTR-490,ACC-490,usage-based,31163,0.0321,2024-08-29,2025-08-29,2025-08-29,True
CTR-491,ACC-491,usage-based,55697,0.0367,2024-12-30,2025-12-30,2025-12-30,False
CTR-492,ACC-492,usage-based,15370,0.0391,2024-11-26,2025-11-26,2025-11-26,True
CTR-493,ACC-493,usage-based,227491,0.0164,2024-09-14,2025-09-14,2025-09-14,False
CTR-494,ACC-494,usage-based,65000,0.0365,2025-01-27,2026-01-27,2026-01-27,False
CTR-495,ACC-495,hybrid,11342,0.0301,2025-05-14,2026-05-14,2026-05-14,False
CTR-496,ACC-496,usage-based,64990,0.0389,2025-02-09,2026-02-09,2026-02-09,False
CTR-497,ACC-497,usage-based,94000,0.0333,2024-12-07,2025-12-07,2025-12-07,False
CTR-498,ACC-498,hybrid,11957,0.0304,2025-02-12,2026-02-12,2026-02-12,False
CTR-499,ACC-499,usage-based,40673,0.0387,2024-12-20,2025-12-20,2025-12-20,False
CTR-500,ACC-500,usage-based,57206,0.0315,2025-05-23,2026-05-23,2026-05-23,True
CTR-501,ACC-501,usage-based,68946,0.025,2024-11-05,2025-11-05,2025-11-05,True
CTR-502,ACC-502,usage-based,78528,0.0203,2024-12-08,2025-12-08,2025-12-08,False
CTR-503,ACC-503,usage-based,205595,0.0236,2025-05-08,2026-05-08,2026-05-08,True
CTR-504,ACC-504,usage-based,55555,0.0197,2024-10-03,2025-10-03,2025-10-03,False
CTR-505,ACC-505,usage-based,201233,0.0213,2024-10-27,2025-10-27,2025-10-27,True
CTR-506,ACC-506,usage-based,78729,0.0306,2024-12-16,2025-12-16,2025-12-16,True
CTR-507,ACC-507,usage-based,37648,0.0323,2024-12-08,2025-12-08,2025-12-08,False
CTR-508,ACC-508,usage-based,97357,0.0245,2025-01-03,2026-01-03,2026-01-03,True
CTR-509,ACC-509,usage-based,46226,0.0445,2024-08-26,2025-08-26,2025-08-26,True
CTR-510,ACC-510,usage-based,61419,0.0332,2025-02-20,2026-02-20,2026-02-20,True
CTR-511,ACC-511,usage-based,80662,0.0385,2024-08-03,2025-08-03,2025-08-03,False
CTR-512,ACC-512,usage-based,70520,0.0159,2024-10-27,2025-10-27,2025-10-27,True
CTR-513,ACC-513,usage-based,210299,0.0229,2024-11-17,2025-11-17,2025-11-17,False
CTR-514,ACC-514,hybrid,14916,0.0376,2024-12-23,2025-12-23,2025-12-23,True
CTR-515,ACC-515,usage-based,31355,0.0262,2025-05-07,2026-05-07,2026-05-07,True
CTR-516,ACC-516,hybrid,8034,0.0455,2025-05-14,2026-05-14,2026-05-14,False
CTR-517,ACC-517,usage-based,21385,0.0354,2024-12-03,2025-12-03,2025-12-03,False
CTR-518,ACC-518,hybrid,15169,0.0571,2025-03-14,2026-03-14,2026-03-14,True
CTR-519,ACC-519,usage-based,82000,0.0414,2024-09-04,2025-09-04,2025-09-04,True
CTR-520,ACC-520,usage-based,133788,0.0203,2024-10-03,2025-10-03,2025-10-03,False
CTR-521,ACC-521,usage-based,8795,0.0301,2025-05-04,2026-05-04,2026-05-04,True
CTR-522,ACC-522,usage-based,45842,0.029,2025-05-03,2026-05-03,2026-05-03,True
CTR-523,ACC-523,usage-based,53000,0.0314,2024-12-18,2025-12-18,2025-12-18,True
CTR-524,ACC-524,usage-based,61850,0.0378,2025-02-08,2026-02-08,2026-02-08,False
CTR-525,ACC-525,usage-based,37143,0.0208,2025-01-05,2026-01-05,2026-01-05,False
CTR-526,ACC-526,usage-based,74645,0.0282,2025-03-27,2026-03-27,2026-03-27,False
CTR-527,ACC-527,usage-based,9892,0.0355,2025-03-29,2026-03-29,2026-03-29,True
CTR-528,ACC-528,usage-based,136000,0.0442,2024-09-05,2025-09-05,2025-09-05,True
CTR-529,ACC-529,hybrid,11769,0.049,2024-12-14,2025-12-14,2025-12-14,False
CTR-530,ACC-530,usage-based,117108,0.024,2025-01-01,2026-01-01,2026-01-01,True
CTR-532,ACC-532,usage-based,35224,0.0171,2024-12-04,2025-12-04,2025-12-04,False
CTR-533,ACC-533,hybrid,6662,0.0346,2024-09-27,2025-09-27,2025-09-27,True
CTR-534,ACC-534,hybrid,8471,0.0434,2025-04-12,2026-04-12,2026-04-12,False
CTR-535,ACC-535,hybrid,17842,0.0363,2024-10-10,2025-10-10,2025-10-10,False
CTR-536,ACC-536,usage-based,44476,0.025,2025-02-14,2026-02-14,2026-02-14,True
CTR-537,ACC-537,hybrid,20259,0.0499,2025-04-09,2026-04-09,2026-04-09,False
CTR-538,ACC-538,usage-based,105496,0.0157,2024-09-30,2025-09-30,2025-09-30,False
CTR-539,ACC-539,usage-based,39184,0.0434,2025-03-14,2026-03-14,2026-03-14,False
CTR-540,ACC-540,usage-based,83825,0.0259,2025-02-22,2026-02-22,2026-02-22,False
CTR-541,ACC-541,usage-based,75693,0.0408,2024-12-11,2025-12-11,2025-12-11,False
CTR-542,ACC-542,usage-based,207796,0.0085,2024-09-25,2025-09-25,2025-09-25,True
CTR-543,ACC-543,hybrid,16516,0.0468,2025-02-28,2026-02-28,2026-02-28,False
CTR-544,ACC-544,usage-based,171387,0.0183,2025-03-22,2026-03-22,2026-03-22,True
CTR-545,ACC-545,usage-based,50587,0.0395,2024-08-19,2025-08-19,2025-08-19,True
CTR-546,ACC-546,usage-based,45356,0.0317,2025-04-20,2026-04-20,2026-04-20,False
CTR-547,ACC-547,usage-based,58914,0.0288,2024-10-27,2025-10-27,2025-10-27,True
CTR-548,ACC-548,usage-based,64689,0.0223,2025-03-06,2026-03-06,2026-03-06,False
CTR-549,ACC-549,usage-based,180615,0.0091,2025-02-09,2026-02-09,2026-02-09,False
CTR-550,ACC-550,usage-based,75400,0.0444,2024-12-02,2025-12-02,2025-12-02,True
CTR-551,ACC-551,usage-based,35343,0.0349,2025-04-17,2026-04-17,2026-04-17,False
CTR-552,ACC-552,usage-based,73000,0.0241,2024-10-01,2025-10-01,2025-10-01,False
CTR-553,ACC-553,usage-based,225512,0.0097,2024-10-11,2025-10-11,2025-10-11,True
CTR-554,ACC-554,usage-based,160749,0.0243,2025-04-21,2026-04-21,2026-04-21,True
CTR-555,ACC-555,usage-based,68925,0.0394,2024-11-13,2025-11-13,2025-11-13,False
CTR-556,ACC-556,usage-based,88000,0.0349,2025-04-25,2026-04-25,2026-04-25,True
CTR-557,ACC-557,usage-based,137045,0.0219,2025-05-26,2026-05-26,2026-05-26,True
CTR-558,ACC-558,usage-based,67311,0.0195,2024-08-27,2025-08-27,2025-08-27,False
CTR-559,ACC-559,usage-based,106000,0.0328,2024-10-10,2025-10-10,2025-10-10,True
CTR-560,ACC-560,hybrid,11739,0.0539,2024-12-15,2025-12-15,2025-12-15,False
CTR-561,ACC-561,usage-based,229494,0.0215,2024-12-22,2025-12-22,2025-12-22,False
CTR-562,ACC-562,usage-based,71041,0.0445,2024-08-05,2025-08-05,2025-08-05,True
CTR-563,ACC-563,usage-based,62189,0.0152,2024-09-07,2025-09-07,2025-09-07,False
CTR-564,ACC-564,usage-based,79550,0.0188,2024-12-27,2025-12-27,2025-12-27,True
CTR-565,ACC-565,usage-based,48197,0.042,2025-04-29,2026-04-29,2026-04-29,True
CTR-566,ACC-566,usage-based,70095,0.0318,2024-11-24,2025-11-24,2025-11-24,True
CTR-567,ACC-567,usage-based,80442,0.0235,2025-05-11,2026-05-11,2026-05-11,True
CTR-568,ACC-568,usage-based,19146,0.0546,2024-11-06,2025-11-06,2025-11-06,False
CTR-569,ACC-569,hybrid,17543,0.0442,2024-10-16,2025-10-16,2025-10-16,True
CTR-570,ACC-570,usage-based,125458,0.0161,2025-02-19,2026-02-19,2026-02-19,False
CTR-571,ACC-571,usage-based,79268,0.0427,2024-10-25,2025-10-25,2025-10-25,True
CTR-572,ACC-572,usage-based,42905,0.0449,2025-03-23,2026-03-23,2026-03-23,True
CTR-573,ACC-573,usage-based,24760,0.0172,2025-05-18,2026-05-18,2026-05-18,True
CTR-574,ACC-574,usage-based,71273,0.0415,2024-10-15,2025-10-15,2025-10-15,True
CTR-575,ACC-575,usage-based,102194,0.0103,2024-10-26,2025-10-26,2025-10-26,False
CTR-576,ACC-576,usage-based,82561,0.0387,2024-10-21,2025-10-21,2025-10-21,True
CTR-577,ACC-577,usage-based,53779,0.0303,2024-10-08,2025-10-08,2025-10-08,False
CTR-578,ACC-578,usage-based,173141,0.0118,2024-10-21,2025-10-21,2025-10-21,True
CTR-579,ACC-579,hybrid,21323,0.0596,2024-08-01,2025-08-01,2025-08-01,False
CTR-580,ACC-580,hybrid,18462,0.0624,2024-11-20,2025-11-20,2025-11-20,True
CTR-581,ACC-581,usage-based,61000,0.0396,2024-09-21,2025-09-21,2025-09-21,False
CTR-582,ACC-582,usage-based,31416,0.0324,2025-04-16,2026-04-16,2026-04-16,True
CTR-583,ACC-583,usage-based,217994,0.0247,2025-01-03,2026-01-03,2026-01-03,False
CTR-585,ACC-585,usage-based,57878,0.0173,2025-04-11,2026-04-11,2026-04-11,True
CTR-586,ACC-586,usage-based,203850,0.0187,2025-04-17,2026-04-17,2026-04-17,False
CTR-587,ACC-587,usage-based,64176,0.0166,2024-12-02,2025-12-02,2025-12-02,True
CTR-588,ACC-588,usage-based,20363,0.0459,2024-09-28,2025-09-28,2025-09-28,False
CTR-589,ACC-589,usage-based,51591,0.0256,2024-12-27,2025-12-27,2025-12-27,False
CTR-590,ACC-590,usage-based,76000,0.0284,2024-12-22,2025-12-22,2025-12-22,False
CTR-591,ACC-591,usage-based,28025,0.0339,2025-03-01,2026-03-01,2026-03-01,True
CTR-592,ACC-592,usage-based,67012,0.0447,2025-05-13,2026-05-13,2026-05-13,False
CTR-593,ACC-593,usage-based,94000,0.0347,2025-03-23,2026-03-23,2026-03-23,True
CTR-594,ACC-594,hybrid,14104,0.0388,2025-01-03,2026-01-03,2026-01-03,False
CTR-595,ACC-595,usage-based,80220,0.0227,2025-03-30,2026-03-30,2026-03-30,True
CTR-596,ACC-596,hybrid,9952,0.0531,2024-08-05,2025-08-05,2025-08-05,True
CTR-597,ACC-597,usage-based,41121,0.0385,2025-01-26,2026-01-26,2026-01-26,False
CTR-598,ACC-598,hybrid,10924,0.058,2025-05-10,2026-05-10,2026-05-10,False
CTR-599,ACC-599,usage-based,102125,0.0244,2025-03-09,2026-03-09,2026-03-09,False
CTR-600,ACC-600,usage-based,188251,0.0211,2025-01-25,2026-01-25,2026-01-25,False
CTR-601,ACC-601,usage-based,71579,0.0341,2025-02-08,2026-02-08,2026-02-08,False
CTR-602,ACC-602,usage-based,27560,0.0343,2025-03-28,2026-03-28,2026-03-28,True
CTR-603,ACC-603,usage-based,123935,0.0159,2024-09-25,2025-09-25,2025-09-25,False
CTR-604,ACC-604,hybrid,20606,0.0561,2024-08-27,2025-08-27,2025-08-27,True
CTR-605,ACC-605,usage-based,48890,0.0355,2024-11-08,2025-11-08,2025-11-08,False
CTR-606,ACC-606,usage-based,41211,0.0194,2024-10-16,2025-10-16,2025-10-16,True
CTR-607,ACC-607,usage-based,155705,0.0238,2024-10-09,2025-10-09,2025-10-09,False
CTR-608,ACC-608,usage-based,162755,0.0243,2025-05-05,2026-05-05,2026-05-05,True
CTR-609,ACC-609,usage-based,16594,0.0635,2024-10-17,2025-10-17,2025-10-17,False
CTR-610,ACC-610,usage-based,49000,0.028,2025-01-10,2026-01-10,2026-01-10,True
CTR-611,ACC-611,usage-based,146936,0.0191,2024-11-07,2025-11-07,2025-11-07,False
CTR-612,ACC-612,hybrid,12923,0.0557,2025-02-16,2026-02-16,2026-02-16,False
CTR-613,ACC-613,usage-based,127164,0.0133,2024-07-25,2025-07-25,2025-07-25,True
CTR-614,ACC-614,usage-based,78505,0.017,2024-10-28,2025-10-28,2025-10-28,True
CTR-615,ACC-615,usage-based,217694,0.0098,2024-10-10,2025-10-10,2025-10-10,False
CTR-616,ACC-616,usage-based,38379,0.0368,2025-01-18,2026-01-18,2026-01-18,True
CTR-617,ACC-617,usage-based,26230,0.0157,2025-04-09,2026-04-09,2026-04-09,True
CTR-618,ACC-618,usage-based,62937,0.0347,2025-02-04,2026-02-04,2026-02-04,True
CTR-619,ACC-619,usage-based,111451,0.0095,2025-03-21,2026-03-21,2026-03-21,False
CTR-620,ACC-620,usage-based,228391,0.0217,2025-02-21,2026-02-21,2026-02-21,True
CTR-621,ACC-621,usage-based,118000,0.0389,2025-01-17,2026-01-17,2026-01-17,False
CTR-622,ACC-622,hybrid,20301,0.0531,2025-04-18,2026-04-18,2026-04-18,False
CTR-623,ACC-623,usage-based,84469,0.0449,2024-10-20,2025-10-20,2025-10-20,False
CTR-624,ACC-624,usage-based,40864,0.0199,2025-04-19,2026-04-19,2026-04-19,False
CTR-625,ACC-625,usage-based,7044,0.0434,2024-12-07,2025-12-07,2025-12-07,True
CTR-626,ACC-626,usage-based,147695,0.0242,2025-01-11,2026-01-11,2026-01-11,True
CTR-627,ACC-627,usage-based,52873,0.0171,2025-02-13,2026-02-13,2026-02-13,False
CTR-628,ACC-628,hybrid,10847,0.0526,2025-04-01,2026-04-01,2026-04-01,True
CTR-629,ACC-629,usage-based,19131,0.0376,2025-04-02,2026-04-02,2026-04-02,False
CTR-630,ACC-630,usage-based,100000,0.0393,2025-04-04,2026-04-04,2026-04-04,True
CTR-631,ACC-631,usage-based,7389,0.0325,2025-01-18,2026-01-18,2026-01-18,False
CTR-632,ACC-632,usage-based,84919,0.0232,2025-03-11,2026-03-11,2026-03-11,True
CTR-633,ACC-633,usage-based,89918,0.0193,2025-01-10,2026-01-10,2026-01-10,True
CTR-634,ACC-634,usage-based,166463,0.0234,2025-05-25,2026-05-25,2026-05-25,False
CTR-635,ACC-635,usage-based,55335,0.0281,2025-04-21,2026-04-21,2026-04-21,True
CTR-636,ACC-636,usage-based,24216,0.0265,2024-09-22,2025-09-22,2025-09-22,True
CTR-638,ACC-638,usage-based,228699,0.0171,2024-11-24,2025-11-24,2025-11-24,False
CTR-639,ACC-639,usage-based,69000,0.0343,2024-11-02,2025-11-02,2025-11-02,True
CTR-640,ACC-640,usage-based,7970,0.0428,2024-12-03,2025-12-03,2025-12-03,True
CTR-641,ACC-641,usage-based,79127,0.0288,2024-12-29,2025-12-29,2025-12-29,True
CTR-642,ACC-642,usage-based,10787,0.0494,2024-11-11,2025-11-11,2025-11-11,True
CTR-643,ACC-643,usage-based,14793,0.0544,2025-04-02,2026-04-02,2026-04-02,False
CTR-644,ACC-644,usage-based,207533,0.0094,2024-10-14,2025-10-14,2025-10-14,True
CTR-645,ACC-645,usage-based,116685,0.0086,2025-05-14,2026-05-14,2026-05-14,True
CTR-646,ACC-646,usage-based,21031,0.0436,2024-12-20,2025-12-20,2025-12-20,False
CTR-647,ACC-647,usage-based,58992,0.0439,2024-10-08,2025-10-08,2025-10-08,True
CTR-648,ACC-648,usage-based,6213,0.0419,2024-12-05,2025-12-05,2025-12-05,True
CTR-649,ACC-649,usage-based,50575,0.0185,2024-09-01,2025-09-01,2025-09-01,False
CTR-650,ACC-650,usage-based,9880,0.0559,2025-01-27,2026-01-27,2026-01-27,True
CTR-651,ACC-651,usage-based,6208,0.0557,2024-09-18,2025-09-18,2025-09-18,True
CTR-652,ACC-652,usage-based,88000,0.0344,2025-05-03,2026-05-03,2026-05-03,True
CTR-653,ACC-653,usage-based,9277,0.0305,2025-05-01,2026-05-01,2026-05-01,False
CTR-654,ACC-654,usage-based,77787,0.0388,2024-10-05,2025-10-05,2025-10-05,True
CTR-655,ACC-655,usage-based,78745,0.0327,2025-04-02,2026-04-02,2026-04-02,True
CTR-656,ACC-656,usage-based,210323,0.0181,2025-02-03,2026-02-03,2026-02-03,True
CTR-657,ACC-657,usage-based,11640,0.0449,2024-11-02,2025-11-02,2025-11-02,False
CTR-658,ACC-658,usage-based,31916,0.0443,2025-03-17,2026-03-17,2026-03-17,False
CTR-659,ACC-659,hybrid,11987,0.0567,2025-02-27,2026-02-27,2026-02-27,False
CTR-660,ACC-660,usage-based,28143,0.0186,2025-03-15,2026-03-15,2026-03-15,False
CTR-661,ACC-661,usage-based,35013,0.0359,2025-03-03,2026-03-03,2026-03-03,False
CTR-662,ACC-662,usage-based,39967,0.0428,2025-05-06,2026-05-06,2026-05-06,True
CTR-663,ACC-663,usage-based,106205,0.0214,2024-11-15,2025-11-15,2025-11-15,True
CTR-664,ACC-664,usage-based,84097,0.023,2024-07-27,2025-07-27,2025-07-27,True
CTR-665,ACC-665,usage-based,81893,0.0111,2025-04-11,2026-04-11,2026-04-11,False
CTR-666,ACC-666,usage-based,51277,0.0358,2024-09-25,2025-09-25,2025-09-25,True
CTR-667,ACC-667,usage-based,106000,0.0291,2025-01-08,2026-01-08,2026-01-08,False
CTR-668,ACC-668,usage-based,57000,0.0294,2025-02-26,2026-02-26,2026-02-26,True
CTR-669,ACC-669,hybrid,10898,0.0551,2025-04-11,2026-04-11,2026-04-11,False
CTR-670,ACC-670,hybrid,16398,0.0447,2025-01-26,2026-01-26,2026-01-26,True
CTR-671,ACC-671,usage-based,110803,0.0248,2025-04-08,2026-04-08,2026-04-08,False
CTR-672,ACC-672,usage-based,80539,0.0378,2024-09-09,2025-09-09,2025-09-09,True
CTR-673,ACC-673,hybrid,20211,0.057,2025-02-09,2026-02-09,2026-02-09,False
CTR-674,ACC-674,usage-based,27477,0.0208,2025-03-11,2026-03-11,2026-03-11,False
CTR-675,ACC-675,usage-based,210420,0.011,2025-05-04,2026-05-04,2026-05-04,True
CTR-676,ACC-676,hybrid,16933,0.04,2024-10-16,2025-10-16,2025-10-16,False
CTR-677,ACC-677,usage-based,167633,0.0185,2024-10-06,2025-10-06,2025-10-06,True
CTR-678,ACC-678,usage-based,107373,0.0206,2024-08-24,2025-08-24,2025-08-24,True
CTR-679,ACC-679,usage-based,34357,0.0386,2024-09-20,2025-09-20,2025-09-20,True
CTR-680,ACC-680,usage-based,28643,0.0419,2024-10-11,2025-10-11,2025-10-11,False
CTR-681,ACC-681,usage-based,51463,0.021,2024-08-15,2025-08-15,2025-08-15,False
CTR-682,ACC-682,hybrid,12538,0.0573,2024-12-11,2025-12-11,2025-12-11,True
CTR-683,ACC-683,usage-based,130000,0.027,2024-10-27,2025-10-27,2025-10-27,True
CTR-684,ACC-684,hybrid,17305,0.0612,2025-04-19,2026-04-19,2026-04-19,False
CTR-685,ACC-685,usage-based,20873,0.0319,2024-10-15,2025-10-15,2025-10-15,True
CTR-686,ACC-686,usage-based,136666,0.0238,2024-10-06,2025-10-06,2025-10-06,True
CTR-687,ACC-687,usage-based,49384,0.0262,2024-10-04,2025-10-04,2025-10-04,True
CTR-688,ACC-688,usage-based,65420,0.0258,2025-01-08,2026-01-08,2026-01-08,True
CTR-689,ACC-689,usage-based,46012,0.0188,2025-04-26,2026-04-26,2026-04-26,False
CTR-691,ACC-691,usage-based,115783,0.0099,2024-09-30,2025-09-30,2025-09-30,False
CTR-692,ACC-692,hybrid,18704,0.036,2024-12-02,2025-12-02,2025-12-02,True
CTR-693,ACC-693,usage-based,157374,0.0183,2025-02-28,2026-02-28,2026-02-28,True
CTR-694,ACC-694,hybrid,7833,0.0444,2024-09-01,2025-09-01,2025-09-01,False
CTR-695,ACC-695,usage-based,80505,0.0449,2024-09-26,2025-09-26,2025-09-26,False
CTR-696,ACC-696,usage-based,153182,0.0082,2024-10-19,2025-10-19,2025-10-19,True
CTR-697,ACC-697,usage-based,45000,0.0265,2024-10-16,2025-10-16,2025-10-16,True
CTR-698,ACC-698,usage-based,235129,0.0241,2024-08-23,2025-08-23,2025-08-23,True
CTR-699,ACC-699,usage-based,51379,0.0444,2025-05-06,2026-05-06,2026-05-06,False
CTR-700,ACC-700,usage-based,72069,0.0381,2025-05-09,2026-05-09,2026-05-09,False
CTR-701,ACC-701,usage-based,17921,0.0468,2025-04-06,2026-04-06,2026-04-06,False
CTR-702,ACC-702,usage-based,21229,0.0384,2025-05-20,2026-05-20,2026-05-20,False
CTR-703,ACC-703,usage-based,38287,0.019,2024-12-26,2025-12-26,2025-12-26,True
CTR-704,ACC-704,usage-based,112000,0.038,2025-04-10,2026-04-10,2026-04-10,True
CTR-705,ACC-705,hybrid,20721,0.0534,2025-03-05,2026-03-05,2026-03-05,False
CTR-706,ACC-706,usage-based,80224,0.0321,2025-05-14,2026-05-14,2026-05-14,False
CTR-707,ACC-707,usage-based,54393,0.0382,2024-10-31,2025-10-31,2025-10-31,True
CTR-708,ACC-708,usage-based,177103,0.0187,2025-05-26,2026-05-26,2026-05-26,True
CTR-709,ACC-709,usage-based,49223,0.0418,2024-12-07,2025-12-07,2025-12-07,True
CTR-710,ACC-710,hybrid,14718,0.0449,2025-01-08,2026-01-08,2026-01-08,True
CTR-711,ACC-711,usage-based,101222,0.0185,2024-12-06,2025-12-06,2025-12-06,True
CTR-712,ACC-712,usage-based,57733,0.0434,2024-11-21,2025-11-21,2025-11-21,True
CTR-713,ACC-713,usage-based,109089,0.0145,2024-09-30,2025-09-30,2025-09-30,True
CTR-714,ACC-714,usage-based,100000,0.0323,2025-02-26,2026-02-26,2026-02-26,True
CTR-715,ACC-715,usage-based,11708,0.0348,2024-08-04,2025-08-04,2025-08-04,True
CTR-716,ACC-716,usage-based,59365,0.0184,2024-09-24,2025-09-24,2025-09-24,True
CTR-717,ACC-717,usage-based,73359,0.0374,2025-01-31,2026-01-31,2026-01-31,False
CTR-718,ACC-718,usage-based,47115,0.0419,2024-09-11,2025-09-11,2025-09-11,False
CTR-719,ACC-719,hybrid,14081,0.0319,2024-11-17,2025-11-17,2025-11-17,False
CTR-720,ACC-720,usage-based,198596,0.0163,2024-08-30,2025-08-30,2025-08-30,True
CTR-721,ACC-721,usage-based,203250,0.0201,2024-08-27,2025-08-27,2025-08-27,False
CTR-722,ACC-722,usage-based,53620,0.0336,2025-04-23,2026-04-23,2026-04-23,True
CTR-723,ACC-723,usage-based,82451,0.0415,2025-04-12,2026-04-12,2026-04-12,True
CTR-724,ACC-724,hybrid,17801,0.0614,2024-12-30,2025-12-30,2025-12-30,True
CTR-725,ACC-725,usage-based,31167,0.0199,2025-03-30,2026-03-30,2026-03-30,True
CTR-726,ACC-726,usage-based,65000,0.0309,2025-02-11,2026-02-11,2026-02-11,True
CTR-727,ACC-727,usage-based,156852,0.0151,2025-03-20,2026-03-20,2026-03-20,False
CTR-728,ACC-728,usage-based,16360,0.0447,2025-05-16,2026-05-16,2026-05-16,False
CTR-729,ACC-729,usage-based,129561,0.0091,2025-01-28,2026-01-28,2026-01-28,False
CTR-730,ACC-730,hybrid,18490,0.0503,2024-12-10,2025-12-10,2025-12-10,False
CTR-731,ACC-731,usage-based,62886,0.035,2024-08-28,2025-08-28,2025-08-28,False
CTR-732,ACC-732,usage-based,54015,0.0241,2025-03-20,2026-03-20,2026-03-20,False
CTR-733,ACC-733,hybrid,10627,0.0576,2025-01-30,2026-01-30,2026-01-30,False
CTR-734,ACC-734,usage-based,177491,0.0245,2025-05-02,2026-05-02,2026-05-02,True
CTR-735,ACC-735,usage-based,47142,0.0235,2025-03-02,2026-03-02,2026-03-02,True
CTR-736,ACC-736,usage-based,70649,0.0311,2025-02-22,2026-02-22,2026-02-22,True
CTR-737,ACC-737,usage-based,79006,0.0362,2025-03-09,2026-03-09,2026-03-09,True
CTR-738,ACC-738,usage-based,142365,0.01,2024-12-15,2025-12-15,2025-12-15,True
CTR-739,ACC-739,usage-based,52894,0.0228,2025-02-21,2026-02-21,2026-02-21,True
CTR-740,ACC-740,usage-based,60863,0.0362,2024-12-15,2025-12-15,2025-12-15,False
CTR-741,ACC-741,usage-based,118000,0.028,2024-10-09,2025-10-09,2025-10-09,True
CTR-742,ACC-742,usage-based,58972,0.024,2025-05-14,2026-05-14,2026-05-14,False
CTR-744,ACC-744,usage-based,210919,0.0211,2024-10-04,2025-10-04,2025-10-04,False
CTR-745,ACC-745,usage-based,70000,0.0281,2024-09-09,2025-09-09,2025-09-09,False
CTR-746,ACC-746,usage-based,14684,0.0466,2024-12-29,2025-12-29,2025-12-29,True
CTR-747,ACC-747,usage-based,228172,0.0204,2024-10-12,2025-10-12,2025-10-12,False
CTR-748,ACC-748,usage-based,109442,0.0204,2025-05-06,2026-05-06,2026-05-06,True
CTR-749,ACC-749,usage-based,68433,0.0315,2024-08-03,2025-08-03,2025-08-03,True
CTR-750,ACC-750,usage-based,18160,0.0516,2025-02-03,2026-02-03,2026-02-03,False
