health_id,account_id,health_score,churn_risk,product_adoption,last_login,nps_score,updated_at
HLT-002,ACC-002,90,low,medium,2025-07-04T07:00:00,16,2025-07-10T02:00:00
HLT-003,ACC-003,93,low,high,2025-07-10T00:00:00,73,2025-07-09T23:00:00
HLT-004,ACC-004,86,low,high,2025-07-09T17:00:00,85,2025-07-10T01:00:00
HLT-005,ACC-005,58,low,high,2025-07-04T09:00:00,63,2025-07-09T23:00:00
HLT-006,ACC-006,72,low,medium,2025-07-08T14:00:00,63,2025-07-10T12:00:00
HLT-007,ACC-007,96,low,high,2025-07-10T00:00:00,73,2025-07-10T05:00:00
HLT-008,ACC-008,92,low,high,2025-07-10T03:00:00,64,2025-07-09T22:00:00
HLT-009,ACC-009,82,low,high,2025-07-10T07:00:00,50,2025-07-10T10:00:00
HLT-010,ACC-010,77,low,low,2025-07-09T20:00:00,-7,2025-07-10T13:00:00
HLT-011,ACC-011,68,low,high,2025-07-08T21:00:00,45,2025-07-09T21:00:00
HLT-012,ACC-012,91,low,high,2025-07-09T07:00:00,89,2025-07-09T23:00:00
HLT-013,ACC-013,60,low,medium,2025-07-09T01:00:00,4,2025-07-09T21:00:00
HLT-014,ACC-014,90,low,high,2025-07-09T10:00:00,68,2025-07-09T22:00:00
HLT-015,ACC-015,68,high,high,2025-07-08T13:00:00,36,2025-07-10T07:00:00
HLT-016,ACC-016,80,low,high,2025-07-09T09:00:00,62,2025-07-09T22:00:00
HLT-017,ACC-017,83,low,high,2025-07-09T11:00:00,58,2025-07-10T06:00:00
HLT-018,ACC-018,55,low,high,2025-07-10T11:00:00,22,2025-07-09T23:00:00
HLT-019,ACC-019,68,low,high,2025-07-08T03:00:00,55,2025-07-09T20:00:00
HLT-020,ACC-020,89,low,high,2025-07-09T20:00:00,59,2025-07-10T13:00:00
HLT-021,ACC-021,91,low,high,2025-07-09T21:00:00,57,2025-07-10T03:00:00
HLT-022,ACC-022,62,low,high,2025-07-06T01:00:00,-6,2025-07-09T20:00:00
HLT-023,ACC-023,82,low,high,2025-07-09T15:00:00,90,2025-07-10T02:00:00
HLT-024,ACC-024,63,low,medium,2025-07-08T00:00:00,6,2025-07-10T02:00:00
HLT-025,ACC-025,94,low,high,2025-07-06T19:00:00,56,2025-07-10T07:00:00
HLT-026,ACC-026,88,low,high,2025-07-10T07:00:00,79,2025-07-10T04:00:00
HLT-027,ACC-027,78,low,high,2025-07-09T13:00:00,50,2025-07-10T04:00:00
HLT-028,ACC-028,85,high,medium,2025-07-09T11:00:00,24,2025-07-09T23:00:00
HLT-029,ACC-029,81,low,high,2025-07-09T08:00:00,61,2025-07-09T23:00:00
HLT-030,ACC-030,67,low,medium,2025-07-07T05:00:00,18,2025-07-10T03:00:00
HLT-031,ACC-031,89,medium,high,2025-07-06T06:00:00,85,2025-07-10T02:00:00
HLT-032,ACC-032,91,low,high,2025-07-09T06:00:00,78,2025-07-10T07:00:00
HLT-033,ACC-033,88,low,low,2025-07-05T12:00:00,-5,2025-07-10T12:00:00
HLT-034,ACC-034,91,low,high,2025-07-09T23:00:00,52,2025-07-09T23:00:00
HLT-035,ACC-035,95,low,high,2025-07-10T03:00:00,67,2025-07-09T23:00:00
HLT-036,ACC-036,80,low,low,2025-07-03T17:00:00,72,2025-07-09T21:00:00
HLT-037,ACC-037,65,low,low,2025-07-04T02:00:00,37,2025-07-10T00:00:00
HLT-038,ACC-038,92,low,high,2025-07-09T15:00:00,77,2025-07-10T07:00:00
HLT-039,ACC-039,44,medium,low,2025-06-28T14:00:00,-5,2025-07-10T04:00:00
HLT-040,ACC-040,83,low,high,2025-07-10T06:00:00,84,2025-07-10T12:00:00
HLT-041,ACC-041,79,high,high,2025-07-04T09:00:00,69,2025-07-10T13:00:00
HLT-042,ACC-042,78,low,high,2025-07-10T05:00:00,86,2025-07-10T01:00:00
HLT-043,ACC-043,55,low,high,2025-07-07T07:00:00,19,2025-07-10T12:00:00
HLT-044,ACC-044,55,medium,medium,2025-07-07T00:00:00,-20,2025-07-10T05:00:00
HLT-045,ACC-045,92,low,high,2025-07-09T23:00:00,59,2025-07-10T11:00:00
HLT-046,ACC-046,59,low,medium,2025-07-03T21:00:00,53,2025-07-10T10:00:00
HLT-047,ACC-047,81,low,high,2025-07-09T21:00:00,65,2025-07-09T21:00:00
HLT-048,ACC-048,24,high,low,2025-06-18T14:00:00,-48,2025-07-10T04:00:00
HLT-049,ACC-049,81,high,high,2025-07-08T04:00:00,43,2025-07-10T09:00:00
HLT-050,ACC-050,62,low,high,2025-07-10T00:00:00,29,2025-07-10T03:00:00
HLT-051,ACC-051,57,low,medium,2025-07-04T15:00:00,30,2025-07-09T23:00:00
HLT-052,ACC-052,86,low,high,2025-07-06T09:00:00,25,2025-07-10T11:00:00
HLT-053,ACC-053,75,medium,high,2025-07-05T08:00:00,79,2025-07-02T14:00:00
HLT-055,ACC-055,74,low,high,2025-07-08T23:00:00,64,2025-07-10T07:00:00
HLT-056,ACC-056,57,medium,medium,2025-07-05T01:00:00,84,2025-07-10T08:00:00
HLT-057,ACC-057,64,medium,medium,2025-07-09T14:00:00,11,2025-07-10T07:00:00
HLT-058,ACC-058,59,high,low,2025-06-16T14:00:00,-11,2025-07-10T06:00:00
HLT-059,ACC-059,56,low,high,2025-07-04T07:00:00,31,2025-07-10T08:00:00
HLT-060,ACC-060,61,low,medium,2025-07-06T02:00:00,6,2025-07-09T22:00:00
HLT-061,ACC-061,72,low,high,2025-07-09T15:00:00,13,2025-07-09T22:00:00
HLT-062,ACC-062,87,low,high,2025-07-05T07:00:00,18,2025-07-10T11:00:00
HLT-063,ACC-063,84,low,high,2025-07-09T14:00:00,50,2025-07-10T05:00:00
HLT-064,ACC-064,57,low,high,2025-07-09T11:00:00,47,2025-07-09T23:00:00
HLT-065,ACC-065,68,low,high,2025-07-09T15:00:00,0,2025-07-10T12:00:00
HLT-066,ACC-066,55,medium,low,2025-07-08T09:00:00,25,2025-06-29T14:00:00
HLT-067,ACC-067,84,low,medium,2025-07-04T16:00:00,66,2025-07-10T03:00:00
HLT-068,ACC-068,61,medium,high,2025-07-06T20:00:00,6,2025-07-09T20:00:00
HLT-069,ACC-069,69,low,high,2025-07-07T06:00:00,83,2025-07-09T22:00:00
HLT-070,ACC-070,56,low,medium,2025-07-06T22:00:00,84,2025-07-10T09:00:00
HLT-071,ACC-071,68,low,medium,2025-07-10T05:00:00,75,2025-07-10T10:00:00
HLT-072,ACC-072,71,high,medium,2025-07-05T15:00:00,51,2025-07-09T21:00:00
HLT-073,ACC-073,89,medium,high,2025-07-06T19:00:00,77,2025-07-09T22:00:00
HLT-074,ACC-074,59,medium,high,2025-07-05T17:00:00,-3,2025-07-10T10:00:00
HLT-075,ACC-075,72,low,medium,2025-07-05T16:00:00,29,2025-07-10T12:00:00
HLT-076,ACC-076,83,low,low,2025-07-10T10:00:00,46,2025-07-10T02:00:00
HLT-077,ACC-077,50,high,low,2025-07-02T14:00:00,8,2025-07-09T20:00:00
HLT-078,ACC-078,55,medium,high,2025-07-05T02:00:00,14,2025-07-10T12:00:00
HLT-079,ACC-079,65,low,high,2025-07-06T00:00:00,77,2025-07-02T14:00:00
HLT-080,ACC-080,92,low,medium,2025-07-07T04:00:00,36,2025-07-10T02:00:00
HLT-081,ACC-081,65,high,medium,2025-07-03T19:00:00,7,2025-07-10T03:00:00
HLT-082,ACC-082,79,low,medium,2025-07-07T04:00:00,-10,2025-07-10T09:00:00
HLT-083,ACC-083,69,medium,low,2025-07-08T03:00:00,42,2025-07-10T12:00:00
HLT-084,ACC-084,64,medium,medium,2025-07-09T07:00:00,42,2025-07-10T03:00:00
HLT-085,ACC-085,62,low,low,2025-07-05T10:00:00,-3,2025-07-10T02:00:00
HLT-086,ACC-086,89,low,high,2025-07-06T14:00:00,42,2025-07-10T05:00:00
HLT-087,ACC-087,46,high,medium,2025-07-06T23:00:00,-8,2025-07-10T07:00:00
HLT-088,ACC-088,57,high,medium,2025-07-10T08:00:00,77,2025-07-09T21:00:00
HLT-089,ACC-089,76,medium,high,2025-07-09T14:00:00,23,2025-07-09T23:00:00
HLT-090,ACC-090,67,low,medium,2025-07-07T17:00:00,82,2025-07-10T02:00:00
HLT-091,ACC-091,93,medium,medium,2025-07-07T02:00:00,56,2025-07-10T09:00:00
HLT-092,ACC-092,78,medium,low,2025-07-06T22:00:00,29,2025-06-27T14:00:00
HLT-093,ACC-093,55,medium,medium,2025-07-05T07:00:00,62,2025-07-10T02:00:00
HLT-094,ACC-094,89,medium,high,2025-07-10T13:00:00,70,2025-07-09T22:00:00
HLT-095,ACC-095,30,high,low,2025-06-14T14:00:00,-54,2025-07-10T03:00:00
HLT-096,ACC-096,62,high,low,2025-07-01T14:00:00,-7,2025-07-10T13:00:00
HLT-097,ACC-097,64,low,medium,2025-07-04T22:00:00,64,2025-07-10T06:00:00
HLT-098,ACC-098,86,high,high,2025-07-06T23:00:00,48,2025-07-09T22:00:00
HLT-099,ACC-099,67,low,low,2025-07-08T17:00:00,23,2025-07-09T23:00:00
HLT-100,ACC-100,90,low,low,2025-07-07T03:00:00,51,2025-07-10T02:00:00
HLT-101,ACC-101,56,low,medium,2025-07-09T10:00:00,79,2025-07-10T08:00:00
HLT-102,ACC-102,68,low,medium,2025-07-09T15:00:00,79,2025-07-10T13:00:00
HLT-103,ACC-103,58,low,medium,2025-07-08T09:00:00,60,2025-07-10T07:00:00
HLT-104,ACC-104,58,low,medium,2025-07-03T15:00:00,35,2025-07-10T13:00:00
HLT-105,ACC-105,62,medium,high,2025-07-07T05:00:00,20,2025-06-27T14:00:00
HLT-106,ACC-106,89,medium,low,2025-07-07T19:00:00,27,2025-07-10T07:00:00
HLT-108,ACC-108,70,low,low,2025-07-07T04:00:00,64,2025-07-10T09:00:00
HLT-109,ACC-109,78,medium,medium,2025-07-06T03:00:00,42,2025-07-10T09:00:00
HLT-110,ACC-110,76,medium,high,2025-07-06T12:00:00,14,2025-07-10T05:00:00
HLT-111,ACC-111,75,medium,low,2025-07-09T06:00:00,79,2025-07-09T21:00:00
HLT-112,ACC-112,85,low,medium,2025-07-05T00:00:00,49,2025-07-10T07:00:00
HLT-113,ACC-113,72,medium,medium,2025-07-04T08:00:00,-9,2025-07-10T06:00:00
HLT-114,ACC-114,90,low,low,2025-07-10T10:00:00,16,2025-07-10T13:00:00
HLT-115,ACC-115,57,high,low,2025-06-30T14:00:00,-24,2025-07-10T06:00:00
HLT-116,ACC-116,90,medium,high,2025-07-04T16:00:00,59,2025-07-10T10:00:00
HLT-117,ACC-117,68,medium,medium,2025-07-05T02:00:00,40,2025-07-09T20:00:00
HLT-118,ACC-118,89,low,high,2025-07-05T22:00:00,37,2025-06-26T14:00:00
HLT-119,ACC-119,56,low,medium,2025-07-09T04:00:00,79,2025-07-09T21:00:00
HLT-120,ACC-120,61,low,medium,2025-07-10T06:00:00,-10,2025-07-10T10:00:00
HLT-121,ACC-121,57,medium,medium,2025-07-06T19:00:00,23,2025-07-10T04:00:00
HLT-122,ACC-122,68,low,high,2025-07-04T17:00:00,12,2025-07-10T02:00:00
HLT-123,ACC-123,56,medium,medium,2025-07-05T23:00:00,45,2025-07-10T05:00:00
HLT-124,ACC-124,62,medium,high,2025-07-10T10:00:00,43,2025-07-10T03:00:00
HLT-125,ACC-125,56,medium,high,2025-07-04T04:00:00,63,2025-07-10T11:00:00
HLT-126,ACC-126,72,low,medium,2025-07-05T15:00:00,85,2025-07-10T01:00:00
HLT-127,ACC-127,59,low,medium,2025-07-07T15:00:00,0,2025-07-10T05:00:00
HLT-128,ACC-128,67,medium,low,2025-07-06T01:00:00,47,2025-07-10T09:00:00
HLT-129,ACC-129,79,low,medium,2025-07-09T01:00:00,9,2025-07-10T09:00:00
HLT-130,ACC-130,61,medium,medium,2025-07-09T07:00:00,-12,2025-07-10T07:00:00
HLT-131,ACC-131,92,low,medium,2025-07-08T23:00:00,24,2025-06-26T14:00:00
HLT-132,ACC-132,83,medium,medium,2025-07-04T00:00:00,21,2025-07-10T01:00:00
HLT-133,ACC-133,60,low,low,2025-07-06T00:00:00,21,2025-07-10T05:00:00
HLT-134,ACC-134,38,medium,low,2025-06-18T14:00:00,-28,2025-07-10T13:00:00
HLT-135,ACC-135,63,low,high,2025-07-04T11:00:00,71,2025-07-09T22:00:00
HLT-136,ACC-136,66,low,high,2025-07-10T09:00:00,78,2025-07-09T21:00:00
HLT-137,ACC-137,92,low,high,2025-07-08T17:00:00,42,2025-07-10T09:00:00
HLT-138,ACC-138,69,medium,high,2025-07-07T03:00:00,2,2025-07-10T10:00:00
HLT-139,ACC-139,61,medium,medium,2025-07-10T02:00:00,75,2025-07-10T06:00:00
HLT-140,ACC-140,90,low,medium,2025-07-10T10:00:00,75,2025-07-09T20:00:00
HLT-141,ACC-141,72,low,low,2025-07-06T11:00:00,42,2025-07-10T04:00:00
HLT-142,ACC-142,45,high,low,2025-06-12T14:00:00,-14,2025-07-10T10:00:00
HLT-143,ACC-143,81,medium,medium,2025-07-05T01:00:00,29,2025-07-10T08:00:00
HLT-144,ACC-144,62,low,high,2025-07-06T20:00:00,61,2025-07-01T14:00:00
HLT-145,ACC-145,61,low,low,2025-07-05T10:00:00,21,2025-07-10T03:00:00
HLT-146,ACC-146,73,low,high,2025-07-05T17:00:00,75,2025-07-10T12:00:00
HLT-147,ACC-147,55,low,high,2025-07-08T21:00:00,52,2025-07-10T08:00:00
HLT-148,ACC-148,84,low,medium,2025-07-07T08:00:00,15,2025-07-10T13:00:00
HLT-149,ACC-149,63,low,medium,2025-07-07T21:00:00,-9,2025-07-10T10:00:00
HLT-150,ACC-150,90,medium,high,2025-07-08T17:00:00,79,2025-07-10T10:00:00
HLT-151,ACC-151,69,high,medium,2025-07-04T07:00:00,21,2025-07-10T00:00:00
HLT-152,ACC-152,65,medium,low,2025-07-09T12:00:00,12,2025-07-10T13:00:00
HLT-153,ACC-153,36,medium,low,2025-07-01T14:00:00,24,2025-07-10T04:00:00
HLT-154,ACC-154,59,high,low,2025-07-08T05:00:00,78,2025-07-09T23:00:00
HLT-155,ACC-155,63,medium,medium,2025-07-05T19:00:00,38,2025-07-10T10:00:00
HLT-156,ACC-156,92,low,high,2025-07-06T21:00:00,73,2025-07-10T06:00:00
HLT-157,ACC-157,68,low,medium,2025-07-04T11:00:00,59,2025-06-26T14:00:00
HLT-158,ACC-158,55,low,medium,2025-07-07T07:00:00,59,2025-07-10T06:00:00
HLT-159,ACC-159,86,low,medium,2025-07-10T04:00:00,81,2025-07-10T08:00:00
HLT-161,ACC-161,68,low,medium,2025-07-07T22:00:00,54,2025-07-09T20:00:00
HLT-162,ACC-162,84,low,low,2025-07-06T13:00:00,14,2025-07-09T23:00:00
HLT-163,ACC-163,71,high,medium,2025-07-06T02:00:00,74,2025-07-10T02:00:00
HLT-164,ACC-164,89,low,medium,2025-07-07T17:00:00,49,2025-07-10T00:00:00
HLT-165,ACC-165,66,medium,high,2025-07-04T10:00:00,47,2025-07-09T22:00:00
HLT-166,ACC-166,81,medium,high,2025-07-04T01:00:00,-4,2025-07-10T12:00:00
HLT-167,ACC-167,73,medium,medium,2025-07-04T22:00:00,56,2025-07-10T07:00:00
HLT-168,ACC-168,55,low,high,2025-07-07T22:00:00,59,2025-07-10T12:00:00
HLT-169,ACC-169,93,low,high,2025-07-04T14:00:00,2,2025-07-10T10:00:00
HLT-170,ACC-170,72,low,high,2025-07-05T06:00:00,72,2025-07-03T14:00:00
HLT-171,ACC-171,94,low,medium,2025-07-08T19:00:00,80,2025-07-10T06:00:00
HLT-172,ACC-172,35,medium,low,2025-07-04T14:00:00,11,2025-07-10T06:00:00
HLT-173,ACC-173,69,medium,medium,2025-07-07T09:00:00,37,2025-07-10T10:00:00
HLT-174,ACC-174,63,low,high,2025-07-05T14:00:00,54,2025-07-10T01:00:00
HLT-175,ACC-175,55,high,medium,2025-07-09T02:00:00,48,2025-07-10T08:00:00
HLT-176,ACC-176,69,low,medium,2025-07-07T22:00:00,20,2025-07-09T21:00:00
HLT-177,ACC-177,65,low,medium,2025-07-08T12:00:00,44,2025-07-10T08:00:00
HLT-178,ACC-178,82,low,high,2025-07-05T19:00:00,59,2025-07-10T03:00:00
HLT-179,ACC-179,64,low,medium,2025-07-06T09:00:00,41,2025-07-10T11:00:00
HLT-180,ACC-180,73,high,high,2025-07-09T00:00:00,-9,2025-07-10T00:00:00
HLT-181,ACC-181,85,low,low,2025-07-07T20:00:00,81,2025-07-10T13:00:00
HLT-182,ACC-182,80,high,high,2025-07-09T00:00:00,1,2025-07-10T11:00:00
HLT-183,ACC-183,80,low,medium,2025-07-05T04:00:00,49,2025-07-01T14:00:00
HLT-184,ACC-184,58,high,high,2025-07-10T08:00:00,4,2025-07-09T22:00:00
HLT-185,ACC-185,64,low,high,2025-07-06T10:00:00,67,2025-07-10T13:00:00
HLT-186,ACC-186,78,low,medium,2025-07-05T17:00:00,58,2025-07-09T21:00:00
HLT-187,ACC-187,64,medium,medium,2025-07-07T15:00:00,6,2025-07-10T11:00:00
HLT-188,ACC-188,88,low,high,2025-07-07T23:00:00,9,2025-07-10T01:00:00
HLT-189,ACC-189,38,high,low,2025-06-17T14:00:00,-17,2025-07-10T06:00:00
HLT-190,ACC-190,89,medium,medium,2025-07-10T02:00:00,12,2025-07-10T06:00:00
HLT-191,ACC-191,47,high,low,2025-06-19T14:00:00,-17,2025-07-10T11:00:00
HLT-192,ACC-192,93,low,medium,2025-07-05T05:00:00,30,2025-07-10T05:00:00
HLT-193,ACC-193,68,low,high,2025-07-05T03:00:00,61,2025-07-10T06:00:00
HLT-194,ACC-194,57,low,medium,2025-07-03T17:00:00,67,2025-07-10T03:00:00
HLT-195,ACC-195,84,low,high,2025-07-07T05:00:00,30,2025-07-10T06:00:00
HLT-196,ACC-196,66,low,high,2025-07-07T23:00:00,-3,2025-07-04T14:00:00
HLT-197,ACC-197,79,low,medium,2025-07-09T04:00:00,58,2025-07-09T20:00:00
HLT-198,ACC-198,67,low,medium,2025-07-04T13:00:00,45,2025-07-10T06:00:00
HLT-199,ACC-199,82,medium,medium,2025-07-04T05:00:00,79,2025-07-10T06:00:00
HLT-200,ACC-200,56,low,medium,2025-07-09T18:00:00,77,2025-07-10T11:00:00
HLT-201,ACC-201,82,low,high,2025-07-04T01:00:00,80,2025-07-09T21:00:00
HLT-202,ACC-202,90,low,high,2025-07-07T16:00:00,31,2025-07-10T13:00:00
HLT-203,ACC-203,93,medium,high,2025-07-08T10:00:00,2,2025-07-09T20:00:00
HLT-204,ACC-204,67,low,low,2025-07-06T07:00:00,3,2025-07-10T12:00:00
HLT-205,ACC-205,76,low,medium,2025-07-09T19:00:00,58,2025-07-09T23:00:00
HLT-206,ACC-206,73,low,medium,2025-07-08T02:00:00,36,2025-07-10T10:00:00
HLT-207,ACC-207,59,low,high,2025-07-05T19:00:00,50,2025-07-09T23:00:00
HLT-208,ACC-208,55,low,medium,2025-07-07T12:00:00,80,2025-07-10T02:00:00
HLT-209,ACC-209,94,low,high,2025-07-05T04:00:00,67,2025-07-04T14:00:00
HLT-210,ACC-210,42,high,low,2025-07-02T14:00:00,-3,2025-07-10T07:00:00
HLT-211,ACC-211,66,low,medium,2025-07-06T13:00:00,58,2025-07-09T20:00:00
HLT-212,ACC-212,78,low,medium,2025-07-05T06:00:00,32,2025-07-10T11:00:00
HLT-214,ACC-214,71,high,high,2025-07-10T09:00:00,19,2025-07-09T21:00:00
HLT-215,ACC-215,87,low,medium,2025-07-10T00:00:00,83,2025-07-10T13:00:00
HLT-216,ACC-216,64,high,high,2025-07-08T21:00:00,5,2025-07-09T22:00:00
HLT-217,ACC-217,77,medium,medium,2025-07-09T17:00:00,67,2025-07-10T12:00:00
HLT-218,ACC-218,87,low,low,2025-07-09T19:00:00,49,2025-07-09T23:00:00
HLT-219,ACC-219,68,medium,medium,2025-07-08T14:00:00,80,2025-07-10T08:00:00
HLT-220,ACC-220,76,low,medium,2025-07-09T22:00:00,84,2025-07-10T05:00:00
HLT-221,ACC-221,88,medium,high,2025-07-07T01:00:00,-7,2025-07-10T07:00:00
HLT-222,ACC-222,74,low,medium,2025-07-09T20:00:00,38,2025-07-10T12:00:00
HLT-223,ACC-223,72,low,medium,2025-07-03T15:00:00,49,2025-07-10T12:00:00
HLT-224,ACC-224,59,low,low,2025-07-05T14:00:00,13,2025-07-10T13:00:00
HLT-225,ACC-225,93,low,medium,2025-07-08T23:00:00,26,2025-07-10T13:00:00
HLT-226,ACC-226,82,low,high,2025-07-04T06:00:00,-8,2025-07-10T13:00:00
HLT-227,ACC-227,63,low,high,2025-07-03T16:00:00,76,2025-07-09T20:00:00
HLT-228,ACC-228,68,medium,medium,2025-07-04T17:00:00,80,2025-07-10T10:00:00
HLT-229,ACC-229,43,high,low,2025-06-25T14:00:00,22,2025-07-10T11:00:00
HLT-230,ACC-230,65,low,high,2025-07-06T07:00:00,-3,2025-07-10T06:00:00
HLT-231,ACC-231,62,low,high,2025-07-05T10:00:00,21,2025-07-10T02:00:00
HLT-232,ACC-232,72,low,high,2025-07-07T23:00:00,64,2025-07-10T10:00:00
HLT-233,ACC-233,85,low,medium,2025-07-08T22:00:00,2,2025-07-10T03:00:00
HLT-234,ACC-234,62,low,medium,2025-07-09T20:00:00,83,2025-07-10T04:00:00
HLT-235,ACC-235,71,low,high,2025-07-08T10:00:00,69,2025-06-27T14:00:00
HLT-236,ACC-236,31,high,low,2025-06-13T14:00:00,3,2025-07-10T01:00:00
HLT-237,ACC-237,55,high,medium,2025-07-03T15:00:00,84,2025-07-10T09:00:00
HLT-238,ACC-238,82,low,high,2025-07-08T21:00:00,11,2025-07-10T03:00:00
HLT-239,ACC-239,90,medium,low,2025-07-07T04:00:00,4,2025-07-10T09:00:00
HLT-240,ACC-240,61,low,high,2025-07-07T10:00:00,33,2025-07-10T02:00:00
HLT-241,ACC-241,72,high,high,2025-07-06T13:00:00,63,2025-07-10T10:00:00
HLT-242,ACC-242,72,medium,high,2025-07-07T16:00:00,56,2025-07-10T10:00:00
HLT-243,ACC-243,77,medium,high,2025-07-10T12:00:00,15,2025-07-10T13:00:00
HLT-244,ACC-244,67,low,medium,2025-07-04T02:00:00,7,2025-07-10T05:00:00
HLT-245,ACC-245,73,low,high,2025-07-04T11:00:00,41,2025-07-10T03:00:00
HLT-246,ACC-246,87,medium,medium,2025-07-04T13:00:00,64,2025-07-09T22:00:00
HLT-247,ACC-247,63,low,low,2025-07-08T12:00:00,64,2025-07-09T23:00:00
HLT-248,ACC-248,56,medium,low,2025-06-27T14:00:00,-20,2025-07-10T12:00:00
HLT-249,ACC-249,57,medium,high,2025-07-04T06:00:00,62,2025-07-10T02:00:00
HLT-250,ACC-250,61,low,medium,2025-07-04T16:00:00,58,2025-07-10T01:00:00
HLT-251,ACC-251,89,medium,high,2025-07-10T08:00:00,3,2025-07-09T21:00:00
HLT-252,ACC-252,90,low,medium,2025-07-05T12:00:00,70,2025-07-10T09:00:00
HLT-253,ACC-253,68,low,low,2025-07-08T14:00:00,22,2025-07-09T23:00:00
HLT-254,ACC-254,93,high,low,2025-07-05T05:00:00,-2,2025-07-10T07:00:00
HLT-255,ACC-255,80,low,medium,2025-07-09T06:00:00,48,2025-07-10T06:00:00
HLT-256,ACC-256,87,medium,medium,2025-07-05T11:00:00,32,2025-07-10T00:00:00
HLT-257,ACC-257,61,low,high,2025-07-04T20:00:00,82,2025-07-09T21:00:00
HLT-258,ACC-258,66,medium,medium,2025-07-07T15:00:00,43,2025-07-10T05:00:00
HLT-259,ACC-259,44,medium,high,2025-07-07T08:00:00,17,2025-07-09T21:00:00
HLT-260,ACC-260,83,low,high,2025-07-04T06:00:00,56,2025-07-10T00:00:00
HLT-261,ACC-261,62,low,high,2025-07-06T20:00:00,5,2025-07-05T14:00:00
HLT-262,ACC-262,63,medium,low,2025-07-05T05:00:00,25,2025-07-10T04:00:00
HLT-263,ACC-263,78,low,medium,2025-07-07T10:00:00,0,2025-07-10T04:00:00
HLT-264,ACC-264,58,low,high,2025-07-04T12:00:00,16,2025-07-10T11:00:00
HLT-265,ACC-265,60,low,medium,2025-07-10T11:00:00,-7,2025-07-10T10:00:00
HLT-267,ACC-267,40,medium,low,2025-06-29T14:00:00,7,2025-07-10T00:00:00
HLT-268,ACC-268,67,high,medium,2025-07-09T21:00:00,-6,2025-07-09T23:00:00
HLT-269,ACC-269,68,low,medium,2025-07-05T16:00:00,6,2025-07-10T07:00:00
HLT-270,ACC-270,88,medium,medium,2025-07-06T23:00:00,39,2025-07-10T03:00:00
HLT-271,ACC-271,64,medium,low,2025-07-04T00:00:00,12,2025-07-10T03:00:00
HLT-272,ACC-272,65,medium,medium,2025-07-10T01:00:00,73,2025-07-10T01:00:00
HLT-273,ACC-273,92,low,high,2025-07-06T22:00:00,43,2025-07-10T08:00:00
HLT-274,ACC-274,81,low,medium,2025-07-08T08:00:00,33,2025-07-03T14:00:00
HLT-275,ACC-275,58,medium,medium,2025-07-06T13:00:00,11,2025-07-10T01:00:00
HLT-276,ACC-276,91,medium,medium,2025-07-04T05:00:00,3,2025-07-10T08:00:00
HLT-277,ACC-277,86,low,low,2025-07-03T23:00:00,54,2025-07-10T08:00:00
HLT-278,ACC-278,83,low,high,2025-07-08T09:00:00,57,2025-07-10T05:00:00
HLT-279,ACC-279,89,low,medium,2025-07-03T19:00:00,-3,2025-07-09T20:00:00
HLT-280,ACC-280,71,medium,low,2025-07-08T18:00:00,23,2025-07-10T12:00:00
HLT-281,ACC-281,66,low,medium,2025-07-05T11:00:00,77,2025-07-10T03:00:00
HLT-282,ACC-282,75,high,low,2025-07-06T09:00:00,74,2025-07-10T01:00:00
HLT-283,ACC-283,20,high,low,2025-06-05T14:00:00,-19,2025-07-10T03:00:00
HLT-284,ACC-284,88,low,high,2025-07-09T01:00:00,76,2025-07-09T20:00:00
HLT-285,ACC-285,91,medium,low,2025-07-08T02:00:00,80,2025-07-10T02:00:00
HLT-286,ACC-286,52,medium,low,2025-06-17T14:00:00,-11,2025-07-10T04:00:00
HLT-287,ACC-287,75,low,low,2025-07-06T09:00:00,23,2025-06-27T14:00:00
HLT-288,ACC-288,89,low,high,2025-07-06T05:00:00,11,2025-07-09T20:00:00
HLT-289,ACC-289,80,low,high,2025-07-05T23:00:00,59,2025-07-10T00:00:00
HLT-290,ACC-290,76,low,low,2025-07-07T02:00:00,-9,2025-07-10T04:00:00
HLT-291,ACC-291,61,low,medium,2025-07-09T22:00:00,-7,2025-07-10T05:00:00
HLT-292,ACC-292,86,low,high,2025-07-07T23:00:00,-2,2025-07-09T20:00:00
HLT-293,ACC-293,87,low,medium,2025-07-06T17:00:00,42,2025-07-10T07:00:00
HLT-294,ACC-294,62,low,low,2025-07-08T03:00:00,81,2025-07-09T21:00:00
HLT-295,ACC-295,84,low,medium,2025-07-05T04:00:00,38,2025-07-10T07:00:00
HLT-296,ACC-296,57,low,medium,2025-07-05T06:00:00,69,2025-07-10T04:00:00
HLT-297,ACC-297,64,high,medium,2025-07-06T14:00:00,53,2025-07-10T08:00:00
HLT-298,ACC-298,93,low,high,2025-07-10T06:00:00,26,2025-07-10T00:00:00
HLT-299,ACC-299,59,medium,high,2025-07-08T08:00:00,59,2025-07-09T21:00:00
HLT-300,ACC-300,82,low,low,2025-07-06T09:00:00,59,2025-07-10T09:00:00
HLT-301,ACC-301,92,low,medium,2025-07-05T20:00:00,39,2025-07-10T12:00:00
HLT-302,ACC-302,61,high,high,2025-07-06T17:00:00,12,2025-07-10T12:00:00
HLT-303,ACC-303,73,low,low,2025-07-07T14:00:00,59,2025-07-10T11:00:00
HLT-304,ACC-304,66,low,low,2025-07-08T12:00:00,35,2025-07-09T21:00:00
HLT-305,ACC-305,61,high,low,2025-07-04T14:00:00,3,2025-07-09T22:00:00
HLT-306,ACC-306,91,low,low,2025-07-07T12:00:00,0,2025-07-10T03:00:00
HLT-307,ACC-307,86,low,medium,2025-07-08T17:00:00,-3,2025-07-10T05:00:00
HLT-308,ACC-308,83,low,high,2025-07-07T04:00:00,36,2025-07-10T00:00:00
HLT-309,ACC-309,72,medium,high,2025-07-10T11:00:00,66,2025-07-10T03:00:00
HLT-310,ACC-310,76,low,medium,2025-07-10T06:00:00,32,2025-07-10T00:00:00
HLT-311,ACC-311,77,high,high,2025-07-09T09:00:00,-3,2025-07-10T07:00:00
HLT-312,ACC-312,81,low,medium,2025-07-04T14:00:00,78,2025-07-10T06:00:00
HLT-313,ACC-313,85,high,medium,2025-07-08T04:00:00,84,2025-07-04T14:00:00
HLT-314,ACC-314,56,low,low,2025-07-07T01:00:00,78,2025-07-10T11:00:00
HLT-315,ACC-315,66,low,low,2025-07-05T20:00:00,55,2025-07-10T02:00:00
HLT-316,ACC-316,62,low,medium,2025-07-06T00:00:00,7,2025-07-10T01:00:00
HLT-317,ACC-317,59,medium,high,2025-07-08T16:00:00,9,2025-07-09T20:00:00
HLT-318,ACC-318,70,low,medium,2025-07-10T10:00:00,9,2025-07-10T11:00:00
HLT-320,ACC-320,60,medium,high,2025-07-09T21:00:00,15,2025-07-10T02:00:00
HLT-321,ACC-321,73,low,low,2025-07-08T07:00:00,34,2025-07-10T08:00:00
HLT-322,ACC-322,89,low,high,2025-07-06T11:00:00,24,2025-07-09T21:00:00
HLT-323,ACC-323,94,low,medium,2025-07-04T15:00:00,-10,2025-07-09T21:00:00
HLT-324,ACC-324,63,high,low,2025-07-04T14:00:00,-22,2025-07-10T03:00:00
HLT-325,ACC-325,71,medium,medium,2025-07-05T09:00:00,16,2025-07-10T00:00:00
HLT-326,ACC-326,77,low,low,2025-07-07T11:00:00,28,2025-06-26T14:00:00
HLT-327,ACC-327,75,medium,low,2025-07-05T20:00:00,85,2025-07-10T04:00:00
HLT-328,ACC-328,66,low,high,2025-07-06T20:00:00,0,2025-07-09T22:00:00
HLT-329,ACC-329,83,low,high,2025-07-07T07:00:00,4,2025-07-10T01:00:00
HLT-330,ACC-330,31,high,low,2025-06-20T14:00:00,-11,2025-07-10T09:00:00
HLT-331,ACC-331,57,low,medium,2025-07-06T19:00:00,6,2025-07-10T09:00:00
HLT-332,ACC-332,89,low,medium,2025-07-07T09:00:00,78,2025-07-10T11:00:00
HLT-333,ACC-333,87,low,medium,2025-07-03T16:00:00,83,2025-07-10T00:00:00
HLT-334,ACC-334,61,low,medium,2025-07-05T05:00:00,9,2025-07-10T09:00:00
HLT-335,ACC-335,77,low,high,2025-07-09T21:00:00,46,2025-07-10T06:00:00
HLT-336,ACC-336,94,high,medium,2025-07-07T21:00:00,35,2025-07-09T21:00:00
HLT-337,ACC-337,89,low,medium,2025-07-06T05:00:00,-2,2025-07-10T02:00:00
HLT-338,ACC-338,72,low,high,2025-07-09T21:00:00,55,2025-07-10T00:00:00
HLT-339,ACC-339,89,low,low,2025-07-05T21:00:00,11,2025-07-02T14:00:00
HLT-340,ACC-340,89,low,high,2025-07-07T18:00:00,-1,2025-07-10T10:00:00
HLT-341,ACC-341,60,low,high,2025-07-05T17:00:00,1,2025-07-10T04:00:00
HLT-342,ACC-342,89,medium,high,2025-07-08T05:00:00,66,2025-07-10T03:00:00
HLT-343,ACC-343,50,high,low,2025-07-03T14:00:00,-4,2025-07-10T02:00:00
HLT-344,ACC-344,89,high,high,2025-07-09T20:00:00,12,2025-07-10T03:00:00
HLT-345,ACC-345,44,medium,high,2025-07-09T06:00:00,-3,2025-07-09T23:00:00
HLT-346,ACC-346,77,low,medium,2025-07-07T09:00:00,37,2025-07-10T11:00:00
HLT-347,ACC-347,60,low,low,2025-07-07T07:00:00,32,2025-07-10T09:00:00
HLT-348,ACC-348,84,low,medium,2025-07-09T10:00:00,48,2025-07-10T04:00:00
HLT-349,ACC-349,60,medium,high,2025-07-08T22:00:00,21,2025-07-10T03:00:00
HLT-350,ACC-350,87,low,medium,2025-07-06T17:00:00,85,2025-07-10T02:00:00
HLT-351,ACC-351,81,low,medium,2025-07-07T21:00:00,71,2025-07-10T09:00:00
HLT-352,ACC-352,71,low,medium,2025-07-09T03:00:00,37,2025-07-05T14:00:00
HLT-353,ACC-353,57,medium,medium,2025-07-05T02:00:00,51,2025-07-10T13:00:00
HLT-354,ACC-354,77,low,high,2025-07-10T10:00:00,70,2025-07-10T10:00:00
HLT-355,ACC-355,76,low,medium,2025-07-06T23:00:00,85,2025-07-10T05:00:00
HLT-356,ACC-356,92,low,high,2025-07-07T05:00:00,28,2025-07-10T09:00:00
HLT-357,ACC-357,66,low,medium,2025-07-07T11:00:00,-6,2025-07-10T09:00:00
HLT-358,ACC-358,77,low,high,2025-07-10T06:00:00,2,2025-07-10T04:00:00
HLT-359,ACC-359,62,medium,medium,2025-07-04T23:00:00,-5,2025-07-10T03:00:00
HLT-360,ACC-360,80,low,high,2025-07-08T08:00:00,70,2025-07-09T20:00:00
HLT-361,ACC-361,73,medium,medium,2025-07-08T10:00:00,28,2025-07-10T11:00:00
HLT-362,ACC-362,36,medium,low,2025-07-04T14:00:00,-18,2025-07-10T08:00:00
HLT-363,ACC-363,78,low,low,2025-07-04T16:00:00,10,2025-07-10T00:00:00
HLT-364,ACC-364,90,low,medium,2025-07-07T05:00:00,-10,2025-07-09T20:00:00
HLT-365,ACC-365,57,low,medium,2025-07-09T23:00:00,53,2025-06-28T14:00:00
HLT-366,ACC-366,66,low,low,2025-07-05T18:00:00,60,2025-07-09T20:00:00
HLT-367,ACC-367,78,low,high,2025-07-10T12:00:00,36,2025-07-10T02:00:00
HLT-368,ACC-368,61,low,medium,2025-07-07T18:00:00,-9,2025-07-10T03:00:00
HLT-369,ACC-369,94,low,low,2025-07-06T04:00:00,73,2025-07-10T09:00:00
HLT-370,ACC-370,93,low,medium,2025-07-05T09:00:00,69,2025-07-10T04:00:00
HLT-371,ACC-371,91,low,medium,2025-07-04T04:00:00,6,2025-07-10T05:00:00
HLT-373,ACC-373,92,low,high,2025-07-10T00:00:00,-7,2025-07-10T11:00:00
HLT-374,ACC-374,55,medium,high,2025-07-08T07:00:00,48,2025-07-10T08:00:00
HLT-375,ACC-375,83,medium,high,2025-07-03T15:00:00,9,2025-07-10T02:00:00
HLT-376,ACC-376,81,low,low,2025-07-09T02:00:00,27,2025-07-10T11:00:00
HLT-377,ACC-377,32,high,low,2025-05-30T14:00:00,-45,2025-07-10T08:00:00
HLT-378,ACC-378,88,medium,low,2025-07-04T15:00:00,52,2025-07-09T23:00:00
HLT-379,ACC-379,92,medium,high,2025-07-04T17:00:00,17,2025-07-10T11:00:00
HLT-380,ACC-380,93,high,medium,2025-07-06T04:00:00,59,2025-07-10T13:00:00
HLT-381,ACC-381,64,high,low,2025-07-02T14:00:00,-10,2025-07-10T08:00:00
HLT-382,ACC-382,73,low,medium,2025-07-04T11:00:00,32,2025-07-09T20:00:00
HLT-383,ACC-383,77,medium,low,2025-07-05T01:00:00,-9,2025-07-10T03:00:00
HLT-384,ACC-384,91,low,high,2025-07-04T12:00:00,-5,2025-07-10T07:00:00
HLT-385,ACC-385,91,low,medium,2025-07-09T00:00:00,68,2025-07-09T23:00:00
HLT-386,ACC-386,72,low,high,2025-07-07T14:00:00,76,2025-07-10T11:00:00
HLT-387,ACC-387,80,high,medium,2025-07-09T21:00:00,73,2025-07-10T07:00:00
HLT-388,ACC-388,47,medium,medium,2025-07-08T13:00:00,10,2025-07-10T12:00:00
HLT-389,ACC-389,84,low,low,2025-07-05T00:00:00,0,2025-07-10T00:00:00
HLT-390,ACC-390,58,low,medium,2025-07-07T23:00:00,55,2025-07-09T20:00:00
HLT-391,ACC-391,82,high,high,2025-07-07T17:00:00,13,2025-06-26T14:00:00
HLT-392,ACC-392,91,low,high,2025-07-06T01:00:00,9,2025-07-10T09:00:00
HLT-393,ACC-393,64,medium,low,2025-07-05T00:00:00,84,2025-07-10T10:00:00
HLT-394,ACC-394,78,low,medium,2025-07-06T20:00:00,69,2025-07-10T00:00:00
HLT-395,ACC-395,83,low,high,2025-07-09T04:00:00,58,2025-07-10T06:00:00
HLT-396,ACC-396,72,low,high,2025-07-09T21:00:00,-9,2025-07-10T00:00:00
HLT-397,ACC-397,70,low,high,2025-07-04T22:00:00,6,2025-07-09T21:00:00
HLT-398,ACC-398,59,medium,medium,2025-07-07T12:00:00,16,2025-07-10T00:00:00
HLT-399,ACC-399,76,high,medium,2025-07-10T09:00:00,21,2025-07-10T05:00:00
HLT-400,ACC-400,55,high,low,2025-06-19T14:00:00,11,2025-07-09T22:00:00
HLT-401,ACC-401,75,low,low,2025-07-07T14:00:00,73,2025-07-09T21:00:00
HLT-402,ACC-402,77,low,low,2025-07-03T16:00:00,12,2025-07-10T07:00:00
HLT-403,ACC-403,82,low,low,2025-07-07T11:00:00,82,2025-07-10T12:00:00
HLT-404,ACC-404,91,low,high,2025-07-08T05:00:00,58,2025-07-10T06:00:00
HLT-405,ACC-405,86,low,high,2025-07-07T12:00:00,18,2025-07-10T03:00:00
HLT-406,ACC-406,91,low,medium,2025-07-09T00:00:00,54,2025-07-10T02:00:00
HLT-407,ACC-407,66,low,medium,2025-07-09T16:00:00,52,2025-07-10T12:00:00
HLT-408,ACC-408,82,low,medium,2025-07-07T03:00:00,66,2025-07-10T03:00:00
HLT-409,ACC-409,56,low,high,2025-07-10T09:00:00,10,2025-07-09T23:00:00
HLT-410,ACC-410,85,low,medium,2025-07-06T00:00:00,66,2025-07-09T22:00:00
HLT-411,ACC-411,83,low,medium,2025-07-07T17:00:00,57,2025-07-10T08:00:00
HLT-412,ACC-412,77,high,high,2025-07-04T13:00:00,-9,2025-07-10T05:00:00
HLT-413,ACC-413,73,low,medium,2025-07-03T16:00:00,-2,2025-07-10T12:00:00
HLT-414,ACC-414,71,medium,high,2025-07-05T05:00:00,42,2025-07-09T23:00:00
HLT-415,ACC-415,87,low,high,2025-07-07T20:00:00,21,2025-07-10T01:00:00
HLT-416,ACC-416,92,low,high,2025-07-10T00:00:00,80,2025-07-10T04:00:00
HLT-417,ACC-417,69,low,high,2025-07-07T17:00:00,-8,2025-06-30T14:00:00
HLT-418,ACC-418,76,low,low,2025-07-06T15:00:00,27,2025-07-09T20:00:00
HLT-419,ACC-419,50,medium,low,2025-07-04T14:00:00,3,2025-07-10T09:00:00
HLT-420,ACC-420,77,low,low,2025-07-10T01:00:00,43,2025-07-10T10:00:00
HLT-421,ACC-421,70,low,high,2025-07-05T12:00:00,44,2025-07-10T01:00:00
HLT-422,ACC-422,90,low,high,2025-07-07T07:00:00,10,2025-07-09T22:00:00
HLT-423,ACC-423,91,low,medium,2025-07-10T12:00:00,29,2025-07-10T01:00:00
HLT-424,ACC-424,28,high,low,2025-06-23T14:00:00,-6,2025-07-10T08:00:00
HLT-426,ACC-426,60,low,medium,2025-07-03T22:00:00,19,2025-07-10T03:00:00
HLT-427,ACC-427,76,low,high,2025-07-05T09:00:00,77,2025-07-10T10:00:00
HLT-428,ACC-428,76,low,high,2025-07-03T18:00:00,64,2025-07-10T00:00:00
HLT-429,ACC-429,84,low,high,2025-07-06T06:00:00,-2,2025-07-10T10:00:00
HLT-430,ACC-430,58,high,medium,2025-07-09T15:00:00,76,2025-06-26T14:00:00
HLT-431,ACC-431,56,medium,medium,2025-07-07T06:00:00,17,2025-07-10T10:00:00
HLT-432,ACC-432,75,low,high,2025-07-06T13:00:00,41,2025-07-10T04:00:00
HLT-433,ACC-433,74,medium,low,2025-07-05T17:00:00,11,2025-07-10T10:00:00
HLT-434,ACC-434,81,low,medium,2025-07-08T14:00:00,6,2025-07-10T07:00:00
HLT-435,ACC-435,55,medium,high,2025-07-03T14:00:00,83,2025-07-10T09:00:00
HLT-436,ACC-436,63,low,medium,2025-07-07T08:00:00,60,2025-07-10T09:00:00
HLT-437,ACC-437,74,low,medium,2025-07-05T06:00:00,2,2025-07-10T02:00:00
HLT-438,ACC-438,61,medium,high,2025-07-05T22:00:00,50,2025-07-10T12:00:00
HLT-439,ACC-439,86,low,medium,2025-07-07T22:00:00,5,2025-07-10T13:00:00
HLT-440,ACC-440,80,low,medium,2025-07-08T21:00:00,60,2025-07-10T01:00:00
HLT-441,ACC-441,85,medium,medium,2025-07-05T08:00:00,48,2025-07-10T01:00:00
HLT-442,ACC-442,79,high,high,2025-07-05T13:00:00,82,2025-07-10T08:00:00
HLT-443,ACC-443,66,low,high,2025-07-04T04:00:00,76,2025-07-10T06:00:00
HLT-444,ACC-444,76,low,low,2025-07-09T09:00:00,65,2025-07-10T13:00:00
HLT-445,ACC-445,57,low,medium,2025-07-04T05:00:00,55,2025-07-10T06:00:00
HLT-446,ACC-446,74,medium,high,2025-07-08T05:00:00,77,2025-07-10T08:00:00
HLT-447,ACC-447,80,low,low,2025-07-10T06:00:00,25,2025-07-10T03:00:00
HLT-448,ACC-448,66,low,high,2025-07-05T01:00:00,65,2025-07-10T08:00:00
HLT-449,ACC-449,82,medium,medium,2025-07-04T00:00:00,36,2025-07-10T13:00:00
HLT-450,ACC-450,70,medium,low,2025-07-05T01:00:00,60,2025-07-10T01:00:00
HLT-451,ACC-451,87,medium,medium,2025-07-07T08:00:00,72,2025-07-09T22:00:00
HLT-452,ACC-452,80,low,medium,2025-07-08T07:00:00,41,2025-07-10T08:00:00
HLT-453,ACC-453,68,low,high,2025-07-04T16:00:00,62,2025-07-10T10:00:00
HLT-454,ACC-454,83,medium,high,2025-07-04T06:00:00,2,2025-07-10T11:00:00
HLT-455,ACC-455,80,low,high,2025-07-10T00:00:00,25,2025-07-10T06:00:00
HLT-456,ACC-456,87,low,medium,2025-07-10T10:00:00,26,2025-07-01T14:00:00
HLT-457,ACC-457,41,high,low,2025-06-22T14:00:00,9,2025-07-10T02:00:00
HLT-458,ACC-458,66,medium,high,2025-07-07T21:00:00,76,2025-07-09T22:00:00
HLT-459,ACC-459,92,low,medium,2025-07-05T06:00:00,81,2025-07-10T03:00:00
HLT-460,ACC-460,92,low,low,2025-07-08T10:00:00,27,2025-07-09T20:00:00
HLT-461,ACC-461,58,medium,high,2025-07-07T14:00:00,1,2025-07-09T23:00:00
HLT-462,ACC-462,93,low,medium,2025-07-06T16:00:00,24,2025-07-10T12:00:00
HLT-463,ACC-463,83,low,high,2025-07-07T06:00:00,29,2025-07-09T21:00:00
HLT-464,ACC-464,77,low,low,2025-07-10T03:00:00,30,2025-07-10T10:00:00
HLT-465,ACC-465,69,medium,high,2025-07-04T20:00:00,18,2025-07-09T23:00:00
HLT-466,ACC-466,94,low,medium,2025-07-07T16:00:00,60,2025-07-10T03:00:00
HLT-467,ACC-467,83,low,medium,2025-07-10T09:00:00,50,2025-07-10T02:00:00
HLT-468,ACC-468,55,low,high,2025-07-08T07:00:00,20,2025-07-10T02:00:00
HLT-469,ACC-469,71,low,medium,2025-07-05T00:00:00,78,2025-07-02T14:00:00
HLT-470,ACC-470,81,medium,high,2025-07-07T06:00:00,73,2025-07-10T09:00:00
HLT-471,ACC-471,37,high,low,2025-06-13T14:00:00,-10,2025-07-10T03:00:00
HLT-472,ACC-472,75,low,high,2025-07-06T06:00:00,16,2025-07-10T13:00:00
HLT-473,ACC-473,86,low,medium,2025-07-08T20:00:00,16,2025-07-10T00:00:00
HLT-474,ACC-474,42,medium,medium,2025-07-09T22:00:00,43,2025-07-09T23:00:00
HLT-475,ACC-475,64,low,high,2025-07-09T07:00:00,21,2025-07-10T13:00:00
HLT-476,ACC-476,48,medium,low,2025-06-16T14:00:00,0,2025-07-10T00:00:00
HLT-477,ACC-477,80,low,high,2025-07-09T08:00:00,12,2025-07-10T03:00:00
HLT-479,ACC-479,58,low,medium,2025-07-09T13:00:00,9,2025-07-10T10:00:00
HLT-480,ACC-480,83,medium,medium,2025-07-05T03:00:00,61,2025-07-10T06:00:00
HLT-481,ACC-481,84,low,high,2025-07-08T03:00:00,29,2025-07-09T20:00:00
HLT-482,ACC-482,77,medium,high,2025-07-10T10:00:00,69,2025-07-10T07:00:00
HLT-483,ACC-483,57,low,high,2025-07-07T02:00:00,7,2025-07-10T06:00:00
HLT-484,ACC-484,87,high,low,2025-07-05T01:00:00,17,2025-07-10T03:00:00
HLT-485,ACC-485,88,low,high,2025-07-10T12:00:00,42,2025-07-10T09:00:00
HLT-486,ACC-486,67,medium,high,2025-07-04T12:00:00,33,2025-07-10T05:00:00
HLT-487,ACC-487,69,low,high,2025-07-07T20:00:00,69,2025-07-10T00:00:00
HLT-488,ACC-488,89,low,medium,2025-07-04T04:00:00,52,2025-07-10T11:00:00
HLT-489,ACC-489,66,medium,low,2025-07-04T19:00:00,34,2025-07-10T02:00:00
HLT-490,ACC-490,65,low,low,2025-07-06T17:00:00,6,2025-07-10T00:00:00
HLT-491,ACC-491,83,low,high,2025-07-09T20:00:00,10,2025-07-09T22:00:00
HLT-492,ACC-492,55,low,medium,2025-07-07T18:00:00,-8,2025-07-10T10:00:00
HLT-493,ACC-493,56,medium,medium,2025-07-09T02:00:00,24,2025-07-10T05:00:00
HLT-494,ACC-494,81,low,low,2025-07-06T06:00:00,15,2025-07-10T02:00:00
HLT-495,ACC-495,54,high,low,2025-07-02T14:00:00,2,2025-07-09T22:00:00
HLT-496,ACC-496,61,low,high,2025-07-06T10:00:00,-7,2025-07-10T12:00:00
HLT-497,ACC-497,72,low,medium,2025-07-04T04:00:00,84,2025-07-10T00:00:00
HLT-498,ACC-498,90,low,high,2025-07-08T23:00:00,-5,2025-07-10T01:00:00
HLT-499,ACC-499,57,low,medium,2025-07-03T16:00:00,53,2025-07-10T06:00:00
HLT-500,ACC-500,80,low,high,2025-07-05T17:00:00,51,2025-07-10T04:00:00
HLT-501,ACC-501,87,low,low,2025-07-06T06:00:00,58,2025-07-10T04:00:00
HLT-502,ACC-502,86,low,high,2025-07-06T00:00:00,32,2025-07-10T09:00:00
HLT-503,ACC-503,93,low,high,2025-07-06T04:00:00,18,2025-07-09T23:00:00
HLT-504,ACC-504,92,medium,medium,2025-07-06T02:00:00,13,2025-07-10T00:00:00
HLT-505,ACC-505,66,medium,medium,2025-07-07T22:00:00,76,2025-07-10T04:00:00
HLT-506,ACC-506,59,medium,medium,2025-07-03T18:00:00,29,2025-07-10T01:00:00
HLT-507,ACC-507,71,low,medium,2025-07-10T08:00:00,26,2025-07-10T10:00:00
HLT-508,ACC-508,86,low,medium,2025-07-07T19:00:00,48,2025-07-01T14:00:00
HLT-509,ACC-509,63,medium,low,2025-07-10T01:00:00,49,2025-07-10T03:00:00
HLT-510,ACC-510,89,medium,low,2025-07-09T12:00:00,9,2025-07-10T11:00:00
HLT-511,ACC-511,67,low,low,2025-07-07T02:00:00,58,2025-07-10T12:00:00
HLT-512,ACC-512,73,low,medium,2025-07-10T09:00:00,6,2025-07-10T07:00:00
HLT-513,ACC-513,68,low,medium,2025-07-06T02:00:00,38,2025-07-10T00:00:00
HLT-514,ACC-514,50,medium,low,2025-06-30T14:00:00,14,2025-07-10T08:00:00
HLT-515,ACC-515,73,medium,medium,2025-07-05T03:00:00,76,2025-07-10T06:00:00
HLT-516,ACC-516,92,low,high,2025-07-03T16:00:00,25,2025-07-10T10:00:00
HLT-517,ACC-517,69,medium,high,2025-07-09T17:00:00,-2,2025-07-10T10:00:00
HLT-518,ACC-518,27,high,low,2025-06-06T14:00:00,4,2025-07-10T10:00:00
HLT-519,ACC-519,75,low,medium,2025-07-10T01:00:00,47,2025-07-09T21:00:00
HLT-520,ACC-520,91,medium,high,2025-07-10T09:00:00,33,2025-07-10T10:00:00
HLT-521,ACC-521,62,medium,high,2025-07-04T11:00:00,75,2025-07-04T14:00:00
HLT-522,ACC-522,66,medium,high,2025-07-06T04:00:00,39,2025-07-10T01:00:00
HLT-523,ACC-523,82,low,medium,2025-07-04T11:00:00,3,2025-07-10T07:00:00
HLT-524,ACC-524,74,low,high,2025-07-03T14:00:00,41,2025-07-10T12:00:00
HLT-525,ACC-525,88,low,high,2025-07-08T19:00:00,17,2025-07-10T04:00:00
HLT-526,ACC-526,56,low,medium,2025-07-09T23:00:00,9,2025-07-10T03:00:00
HLT-527,ACC-527,85,low,medium,2025-07-09T22:00:00,56,2025-07-10T06:00:00
HLT-528,ACC-528,58,high,low,2025-07-08T19:00:00,20,2025-07-10T03:00:00
HLT-529,ACC-529,94,medium,high,2025-07-06T08:00:00,36,2025-07-10T08:00:00
HLT-530,ACC-530,75,high,low,2025-07-10T00:00:00,59,2025-07-09T20:00:00
HLT-532,ACC-532,75,low,high,2025-07-08T10:00:00,49,2025-07-10T07:00:00
HLT-533,ACC-533,60,medium,low,2025-07-02T14:00:00,15,2025-07-10T06:00:00
HLT-534,ACC-534,63,low,medium,2025-07-07T20:00:00,64,2025-07-02T14:00:00
HLT-535,ACC-535,79,medium,high,2025-07-04T08:00:00,34,2025-07-10T04:00:00
HLT-536,ACC-536,63,medium,high,2025-07-03T20:00:00,4,2025-07-09T20:00:00
HLT-537,ACC-537,67,low,medium,2025-07-07T21:00:00,56,2025-07-09T22:00:00
HLT-538,ACC-538,72,low,high,2025-07-10T02:00:00,43,2025-07-10T10:00:00
HLT-539,ACC-539,91,medium,medium,2025-07-04T14:00:00,5,2025-07-10T06:00:00
HLT-540,ACC-540,80,low,medium,2025-07-08T16:00:00,42,2025-07-10T10:00:00
HLT-541,ACC-541,94,low,medium,2025-07-09T11:00:00,46,2025-07-10T04:00:00
HLT-542,ACC-542,56,low,low,2025-07-09T10:00:00,39,2025-07-10T03:00:00
HLT-543,ACC-543,81,low,medium,2025-07-09T02:00:00,16,2025-07-10T03:00:00
HLT-544,ACC-544,87,low,medium,2025-07-08T23:00:00,18,2025-07-10T02:00:00
HLT-545,ACC-545,56,low,medium,2025-07-09T22:00:00,10,2025-07-10T11:00:00
HLT-546,ACC-546,87,low,high,2025-07-04T22:00:00,76,2025-07-10T10:00:00
HLT-547,ACC-547,59,high,medium,2025-07-05T23:00:00,53,2025-06-29T14:00:00
HLT-548,ACC-548,87,low,low,2025-07-03T22:00:00,64,2025-07-10T09:00:00
HLT-549,ACC-549,75,low,high,2025-07-04T03:00:00,83,2025-07-09T23:00:00
HLT-550,ACC-550,64,low,low,2025-07-08T03:00:00,13,2025-07-10T09:00:00
HLT-551,ACC-551,61,low,high,2025-07-03T20:00:00,84,2025-07-10T03:00:00
HLT-552,ACC-552,69,medium,medium,2025-07-04T14:00:00,82,2025-07-10T08:00:00
HLT-553,ACC-553,55,low,medium,2025-07-09T03:00:00,76,2025-07-10T04:00:00
HLT-554,ACC-554,86,low,high,2025-07-04T04:00:00,58,2025-07-09T23:00:00
HLT-555,ACC-555,74,low,high,2025-07-07T06:00:00,41,2025-07-10T06:00:00
HLT-556,ACC-556,93,medium,medium,2025-07-10T06:00:00,50,2025-07-10T12:00:00
HLT-557,ACC-557,68,medium,low,2025-07-10T11:00:00,28,2025-07-10T05:00:00
HLT-558,ACC-558,59,low,low,2025-07-04T20:00:00,79,2025-07-10T10:00:00
HLT-559,ACC-559,66,medium,medium,2025-07-09T15:00:00,5,2025-07-10T01:00:00
HLT-560,ACC-560,51,medium,high,2025-07-07T03:00:00,44,2025-07-10T00:00:00
HLT-561,ACC-561,62,low,high,2025-07-08T09:00:00,64,2025-07-10T05:00:00
HLT-562,ACC-562,91,low,low,2025-07-07T13:00:00,60,2025-07-10T02:00:00
HLT-563,ACC-563,69,low,medium,2025-07-10T03:00:00,83,2025-07-10T02:00:00
HLT-564,ACC-564,86,low,low,2025-07-03T16:00:00,54,2025-07-10T11:00:00
HLT-565,ACC-565,38,high,low,2025-06-19T14:00:00,-11,2025-07-10T13:00:00
HLT-566,ACC-566,74,medium,medium,2025-07-07T23:00:00,70,2025-07-10T02:00:00
HLT-567,ACC-567,88,high,medium,2025-07-06T02:00:00,74,2025-07-10T11:00:00
HLT-568,ACC-568,87,medium,high,2025-07-03T14:00:00,50,2025-07-10T02:00:00
HLT-569,ACC-569,63,medium,medium,2025-07-06T05:00:00,25,2025-07-09T22:00:00
HLT-570,ACC-570,72,low,medium,2025-07-03T22:00:00,29,2025-07-10T01:00:00
HLT-571,ACC-571,45,high,low,2025-06-19T14:00:00,-13,2025-07-10T03:00:00
HLT-572,ACC-572,88,medium,low,2025-07-06T12:00:00,10,2025-07-10T03:00:00
HLT-573,ACC-573,93,medium,high,2025-07-07T11:00:00,58,2025-06-26T14:00:00
HLT-574,ACC-574,58,low,low,2025-07-06T14:00:00,73,2025-07-10T02:00:00
HLT-575,ACC-575,88,low,medium,2025-07-06T16:00:00,57,2025-07-10T10:00:00
HLT-576,ACC-576,82,low,medium,2025-07-06T07:00:00,7,2025-07-10T11:00:00
HLT-577,ACC-577,91,medium,medium,2025-07-10T03:00:00,84,2025-07-10T03:00:00
HLT-578,ACC-578,82,medium,high,2025-07-06T21:00:00,62,2025-07-10T13:00:00
HLT-579,ACC-579,57,low,low,2025-07-09T02:00:00,27,2025-07-09T21:00:00
HLT-580,ACC-580,75,low,medium,2025-07-03T19:00:00,-10,2025-07-10T01:00:00
HLT-581,ACC-581,75,low,high,2025-07-07T02:00:00,39,2025-07-10T12:00:00
HLT-582,ACC-582,75,low,low,2025-07-06T09:00:00,71,2025-07-09T20:00:00
HLT-583,ACC-583,75,low,medium,2025-07-07T15:00:00,85,2025-07-10T08:00:00
HLT-585,ACC-585,88,low,low,2025-07-06T09:00:00,24,2025-07-10T04:00:00
HLT-586,ACC-586,61,low,high,2025-07-03T22:00:00,84,2025-06-30T14:00:00
HLT-587,ACC-587,63,low,low,2025-07-07T16:00:00,33,2025-07-10T05:00:00
HLT-588,ACC-588,84,medium,low,2025-07-09T16:00:00,56,2025-07-10T13:00:00
HLT-589,ACC-589,65,low,medium,2025-07-07T04:00:00,72,2025-07-10T08:00:00
HLT-590,ACC-590,79,low,medium,2025-07-10T11:00:00,19,2025-07-10T01:00:00
HLT-591,ACC-591,76,low,medium,2025-07-09T19:00:00,82,2025-07-10T11:00:00
HLT-592,ACC-592,61,low,high,2025-07-08T13:00:00,61,2025-07-09T20:00:00
HLT-593,ACC-593,85,low,high,2025-07-07T10:00:00,16,2025-07-10T07:00:00
HLT-594,ACC-594,84,low,medium,2025-07-06T12:00:00,41,2025-07-10T07:00:00
HLT-595,ACC-595,78,medium,low,2025-07-05T16:00:00,45,2025-07-09T20:00:00
HLT-596,ACC-596,69,medium,low,2025-07-07T22:00:00,3,2025-07-10T03:00:00
HLT-597,ACC-597,74,low,low,2025-07-04T00:00:00,-1,2025-07-10T01:00:00
HLT-598,ACC-598,76,high,high,2025-07-08T07:00:00,37,2025-07-10T04:00:00
HLT-599,ACC-599,79,low,medium,2025-07-08T09:00:00,49,2025-07-10T08:00:00
HLT-600,ACC-600,69,low,medium,2025-07-08T18:00:00,82,2025-07-10T06:00:00
HLT-601,ACC-601,92,low,high,2025-07-07T04:00:00,66,2025-07-10T09:00:00
HLT-602,ACC-602,62,low,medium,2025-07-05T09:00:00,76,2025-07-09T22:00:00
HLT-603,ACC-603,53,high,medium,2025-07-09T21:00:00,-7,2025-07-10T06:00:00
HLT-604,ACC-604,67,medium,medium,2025-07-08T17:00:00,59,2025-07-10T09:00:00
HLT-605,ACC-605,74,low,medium,2025-07-09T10:00:00,-3,2025-07-10T09:00:00
HLT-606,ACC-606,75,low,high,2025-07-03T19:00:00,76,2025-07-10T12:00:00
HLT-607,ACC-607,62,medium,low,2025-07-09T20:00:00,-3,2025-07-10T01:00:00
HLT-608,ACC-608,89,low,medium,2025-07-08T23:00:00,51,2025-07-10T08:00:00
HLT-609,ACC-609,61,high,low,2025-06-24T14:00:00,-4,2025-07-09T20:00:00
HLT-610,ACC-610,75,low,medium,2025-07-08T04:00:00,56,2025-07-10T08:00:00
HLT-611,ACC-611,72,low,medium,2025-07-04T14:00:00,45,2025-07-10T09:00:00
HLT-612,ACC-612,47,high,low,2025-06-14T14:00:00,-30,2025-07-10T04:00:00
HLT-613,ACC-613,91,low,medium,2025-07-09T18:00:00,42,2025-07-09T21:00:00
HLT-614,ACC-614,94,low,medium,2025-07-09T06:00:00,-9,2025-07-10T00:00:00
HLT-615,ACC-615,69,medium,medium,2025-07-06T11:00:00,80,2025-07-10T02:00:00
HLT-616,ACC-616,65,low,medium,2025-07-08T19:00:00,78,2025-07-09T22:00:00
HLT-617,ACC-617,90,low,high,2025-07-05T02:00:00,35,2025-07-09T21:00:00
HLT-618,ACC-618,93,low,medium,2025-07-09T06:00:00,45,2025-07-10T08:00:00
HLT-619,ACC-619,78,low,high,2025-07-05T17:00:00,69,2025-07-10T05:00:00
HLT-620,ACC-620,82,low,medium,2025-07-08T23:00:00,82,2025-07-09T21:00:00
HLT-621,ACC-621,65,medium,high,2025-07-04T08:00:00,57,2025-07-10T05:00:00
HLT-622,ACC-622,91,high,medium,2025-07-06T04:00:00,28,2025-07-09T22:00:00
HLT-623,ACC-623,57,low,medium,2025-07-09T23:00:00,25,2025-07-09T22:00:00
HLT-624,ACC-624,91,low,low,2025-07-06T13:00:00,66,2025-07-10T01:00:00
HLT-625,ACC-625,90,low,high,2025-07-03T16:00:00,84,2025-07-03T14:00:00
HLT-626,ACC-626,88,low,medium,2025-07-09T06:00:00,-5,2025-07-09T21:00:00
HLT-627,ACC-627,55,low,high,2025-07-07T13:00:00,55,2025-07-09T23:00:00
HLT-628,ACC-628,55,medium,low,2025-06-17T14:00:00,25,2025-07-10T06:00:00
HLT-629,ACC-629,64,low,medium,2025-07-08T07:00:00,24,2025-07-09T21:00:00
HLT-630,ACC-630,81,low,medium,2025-07-05T11:00:00,77,2025-07-10T03:00:00
HLT-631,ACC-631,55,medium,high,2025-07-04T10:00:00,49,2025-07-10T08:00:00
HLT-632,ACC-632,64,low,medium,2025-07-04T08:00:00,63,2025-07-09T21:00:00
HLT-633,ACC-633,70,low,medium,2025-07-04T09:00:00,60,2025-07-10T11:00:00
HLT-634,ACC-634,80,low,high,2025-07-04T06:00:00,75,2025-07-10T02:00:00
HLT-635,ACC-635,61,low,medium,2025-07-05T01:00:00,61,2025-07-09T21:00:00
HLT-636,ACC-636,86,low,high,2025-07-04T16:00:00,60,2025-07-10T05:00:00
HLT-638,ACC-638,76,low,high,2025-07-10T12:00:00,32,2025-06-30T14:00:00
HLT-639,ACC-639,76,low,high,2025-07-06T18:00:00,60,2025-07-10T13:00:00
HLT-640,ACC-640,87,low,medium,2025-07-05T17:00:00,71,2025-07-09T22:00:00
HLT-641,ACC-641,88,low,medium,2025-07-09T17:00:00,-6,2025-07-09T21:00:00
HLT-642,ACC-642,70,medium,medium,2025-07-06T04:00:00,45,2025-07-10T04:00:00
HLT-643,ACC-643,78,high,high,2025-07-09T12:00:00,57,2025-07-10T10:00:00
HLT-644,ACC-644,88,low,medium,2025-07-04T16:00:00,12,2025-07-09T22:00:00
HLT-645,ACC-645,69,low,high,2025-07-05T21:00:00,75,2025-07-10T11:00:00
HLT-646,ACC-646,55,high,medium,2025-07-07T04:00:00,-15,2025-07-10T12:00:00
HLT-647,ACC-647,59,medium,low,2025-07-03T14:00:00,1,2025-07-10T10:00:00
HLT-648,ACC-648,61,medium,medium,2025-07-07T09:00:00,-8,2025-07-10T10:00:00
HLT-649,ACC-649,63,low,high,2025-07-06T17:00:00,81,2025-07-09T21:00:00
HLT-650,ACC-650,64,low,medium,2025-07-06T04:00:00,27,2025-07-10T12:00:00
HLT-651,ACC-651,61,medium,medium,2025-07-03T15:00:00,-5,2025-07-04T14:00:00
HLT-652,ACC-652,75,low,high,2025-07-06T18:00:00,79,2025-07-10T09:00:00
HLT-653,ACC-653,83,low,medium,2025-07-06T12:00:00,14,2025-07-10T08:00:00
HLT-654,ACC-654,69,medium,medium,2025-07-07T12:00:00,43,2025-07-10T05:00:00
HLT-655,ACC-655,76,medium,medium,2025-07-04T02:00:00,64,2025-07-10T05:00:00
HLT-656,ACC-656,93,medium,medium,2025-07-09T09:00:00,83,2025-07-10T05:00:00
HLT-657,ACC-657,94,low,medium,2025-07-05T20:00:00,18,2025-07-10T02:00:00
HLT-658,ACC-658,56,low,high,2025-07-04T03:00:00,41,2025-07-10T02:00:00
HLT-659,ACC-659,27,high,low,2025-06-25T14:00:00,-26,2025-07-10T02:00:00
HLT-660,ACC-660,56,medium,medium,2025-07-06T21:00:00,53,2025-07-10T12:00:00
HLT-661,ACC-661,82,medium,high,2025-07-09T10:00:00,58,2025-07-10T05:00:00
HLT-662,ACC-662,69,low,low,2025-07-08T09:00:00,-7,2025-07-10T00:00:00
HLT-663,ACC-663,61,low,medium,2025-07-05T02:00:00,10,2025-07-10T09:00:00
HLT-664,ACC-664,93,low,high,2025-07-05T04:00:00,54,2025-07-10T09:00:00
HLT-665,ACC-665,64,medium,high,2025-07-04T15:00:00,75,2025-07-09T22:00:00
HLT-666,ACC-666,37,medium,low,2025-07-01T14:00:00,-20,2025-07-10T07:00:00
HLT-667,ACC-667,93,medium,low,2025-07-09T14:00:00,29,2025-07-10T03:00:00
HLT-668,ACC-668,75,high,medium,2025-07-04T16:00:00,0,2025-07-10T05:00:00
HLT-669,ACC-669,82,low,high,2025-07-07T04:00:00,56,2025-07-09T23:00:00
HLT-670,ACC-670,75,low,low,2025-07-10T01:00:00,52,2025-07-09T20:00:00
HLT-671,ACC-671,75,low,high,2025-07-07T06:00:00,63,2025-07-10T12:00:00
HLT-672,ACC-672,78,low,high,2025-07-09T19:00:00,3,2025-07-10T10:00:00
HLT-673,ACC-673,87,high,medium,2025-07-10T06:00:00,0,2025-07-10T00:00:00
HLT-674,ACC-674,72,low,high,2025-07-09T22:00:00,62,2025-07-09T21:00:00
HLT-675,ACC-675,82,low,medium,2025-07-08T22:00:00,-6,2025-07-10T05:00:00
HLT-676,ACC-676,85,low,high,2025-07-08T12:00:00,57,2025-07-10T12:00:00
HLT-677,ACC-677,88,low,medium,2025-07-05T16:00:00,42,2025-06-28T14:00:00
HLT-678,ACC-678,76,low,low,2025-07-06T08:00:00,47,2025-07-09T23:00:00
HLT-679,ACC-679,80,low,medium,2025-07-10T02:00:00,39,2025-07-10T09:00:00
HLT-680,ACC-680,64,low,high,2025-07-09T19:00:00,72,2025-07-10T10:00:00
HLT-681,ACC-681,58,medium,high,2025-07-06T13:00:00,61,2025-07-10T11:00:00
HLT-682,ACC-682,76,low,low,2025-07-07T01:00:00,19,2025-07-10T06:00:00
HLT-683,ACC-683,74,low,high,2025-07-10T13:00:00,34,2025-07-10T11:00:00
HLT-684,ACC-684,82,low,low,2025-07-06T05:00:00,-1,2025-07-09T21:00:00
HLT-685,ACC-685,35,high,low,2025-07-03T14:00:00,21,2025-07-10T10:00:00
HLT-686,ACC-686,89,low,high,2025-07-06T06:00:00,48,2025-07-10T00:00:00
HLT-687,ACC-687,62,low,high,2025-07-07T17:00:00,78,2025-07-10T09:00:00
HLT-688,ACC-688,65,medium,medium,2025-07-09T12:00:00,7,2025-07-10T09:00:00
HLT-689,ACC-689,54,medium,medium,2025-07-09T03:00:00,44,2025-07-10T08:00:00
HLT-691,ACC-691,76,low,high,2025-07-05T18:00:00,84,2025-07-09T22:00:00
HLT-692,ACC-692,67,medium,medium,2025-07-04T13:00:00,44,2025-07-10T07:00:00
HLT-693,ACC-693,62,low,high,2025-07-10T08:00:00,36,2025-07-09T22:00:00
HLT-694,ACC-694,92,low,low,2025-07-10T11:00:00,22,2025-07-10T10:00:00
HLT-695,ACC-695,82,low,medium,2025-07-04T04:00:00,26,2025-07-10T03:00:00
HLT-696,ACC-696,86,low,low,2025-07-05T20:00:00,44,2025-07-09T21:00:00
HLT-697,ACC-697,61,low,low,2025-07-08T00:00:00,-8,2025-07-09T21:00:00
HLT-698,ACC-698,81,medium,high,2025-07-08T23:00:00,9,2025-07-10T08:00:00
HLT-699,ACC-699,60,low,low,2025-07-06T11:00:00,4,2025-07-09T21:00:00
HLT-700,ACC-700,76,high,low,2025-07-10T00:00:00,-3,2025-07-10T12:00:00
HLT-701,ACC-701,65,medium,medium,2025-07-10T10:00:00,71,2025-07-10T11:00:00
HLT-702,ACC-702,71,low,low,2025-07-05T09:00:00,-1,2025-07-10T00:00:00
HLT-703,ACC-703,58,low,high,2025-07-05T20:00:00,59,2025-06-29T14:00:00
HLT-704,ACC-704,67,medium,high,2025-07-03T20:00:00,32,2025-07-10T04:00:00
HLT-705,ACC-705,62,low,low,2025-07-08T19:00:00,19,2025-07-10T08:00:00
HLT-706,ACC-706,32,high,low,2025-06-06T14:00:00,-47,2025-07-10T04:00:00
HLT-707,ACC-707,64,low,high,2025-07-04T21:00:00,-10,2025-07-09T23:00:00
HLT-708,ACC-708,71,low,low,2025-07-04T17:00:00,21,2025-07-10T13:00:00
HLT-709,ACC-709,77,medium,low,2025-07-06T06:00:00,55,2025-07-10T05:00:00
HLT-710,ACC-710,68,low,medium,2025-07-07T08:00:00,29,2025-07-09T23:00:00
HLT-711,ACC-711,76,medium,high,2025-07-04T21:00:00,64,2025-07-10T10:00:00
HLT-712,ACC-712,85,medium,medium,2025-07-09T11:00:00,76,2025-07-10T12:00:00
HLT-713,ACC-713,60,medium,medium,2025-07-05T00:00:00,35,2025-07-09T23:00:00
HLT-714,ACC-714,67,low,medium,2025-07-06T16:00:00,24,2025-07-09T21:00:00
HLT-715,ACC-715,66,low,medium,2025-07-04T22:00:00,76,2025-07-09T21:00:00
HLT-716,ACC-716,81,medium,high,2025-07-07T06:00:00,21,2025-07-02T14:00:00
HLT-717,ACC-717,85,low,low,2025-07-09T19:00:00,57,2025-07-10T05:00:00
HLT-718,ACC-718,63,medium,high,2025-07-07T02:00:00,18,2025-07-10T10:00:00
HLT-719,ACC-719,81,medium,medium,2025-07-07T13:00:00,31,2025-07-10T09:00:00
HLT-720,ACC-720,88,medium,medium,2025-07-10T13:00:00,-4,2025-07-09T22:00:00
HLT-721,ACC-721,66,high,medium,2025-07-03T15:00:00,61,2025-07-10T01:00:00
HLT-722,ACC-722,68,medium,medium,2025-07-08T15:00:00,51,2025-07-10T13:00:00
HLT-723,ACC-723,57,medium,low,2025-07-03T14:00:00,10,2025-07-10T09:00:00
HLT-724,ACC-724,73,low,medium,2025-07-05T00:00:00,41,2025-07-09T22:00:00
HLT-725,ACC-725,77,low,high,2025-07-05T19:00:00,3,2025-07-10T06:00:00
HLT-726,ACC-726,77,low,high,2025-07-06T17:00:00,36,2025-07-10T02:00:00
HLT-727,ACC-727,70,medium,medium,2025-07-09T11:00:00,24,2025-07-10T08:00:00
HLT-728,ACC-728,66,low,high,2025-07-10T09:00:00,67,2025-07-10T00:00:00
HLT-729,ACC-729,55,low,high,2025-07-09T00:00:00,32,2025-07-05T14:00:00
HLT-730,ACC-730,90,medium,low,2025-07-07T07:00:00,13,2025-07-10T00:00:00
HLT-731,ACC-731,67,low,medium,2025-07-03T17:00:00,67,2025-07-10T01:00:00
HLT-732,ACC-732,45,high,medium,2025-07-06T16:00:00,34,2025-07-10T10:00:00
HLT-733,ACC-733,71,low,low,2025-07-07T19:00:00,57,2025-07-09T21:00:00
HLT-734,ACC-734,74,low,high,2025-07-06T05:00:00,51,2025-07-09T22:00:00
HLT-735,ACC-735,82,medium,high,2025-07-07T09:00:00,57,2025-07-09T23:00:00
HLT-736,ACC-736,93,low,high,2025-07-07T10:00:00,82,2025-07-09T22:00:00
HLT-737,ACC-737,82,medium,low,2025-07-06T09:00:00,80,2025-07-10T00:00:00
HLT-738,ACC-738,77,low,medium,2025-07-04T19:00:00,68,2025-07-10T11:00:00
HLT-739,ACC-739,60,low,high,2025-07-04T21:00:00,19,2025-07-09T23:00:00
HLT-740,ACC-740,73,medium,medium,2025-07-07T01:00:00,58,2025-07-10T05:00:00
HLT-741,ACC-741,88,medium,high,2025-07-04T21:00:00,53,2025-07-10T11:00:00
HLT-742,ACC-742,62,high,low,2025-07-04T14:00:00,-29,2025-07-09T22:00:00
HLT-744,ACC-744,89,medium,medium,2025-07-03T21:00:00,17,2025-07-10T12:00:00
HLT-745,ACC-745,61,low,low,2025-07-05T02:00:00,74,2025-07-10T06:00:00
HLT-746,ACC-746,92,low,medium,2025-07-05T01:00:00,40,2025-07-10T12:00:00
HLT-747,ACC-747,91,high,medium,2025-07-10T09:00:00,55,2025-07-10T07:00:00
HLT-748,ACC-748,57,medium,high,2025-07-09T16:00:00,47,2025-07-09T22:00:00
HLT-749,ACC-749,74,low,low,2025-07-07T08:00:00,76,2025-07-10T01:00:00
HLT-750,ACC-750,69,low,medium,2025-07-09T16:00:00,84,2025-07-10T07:00:00
