invoice_id,account_id,billing_period_start,billing_period_end,base_amount,usage_amount,total_amount,status,issued_at
INV-002-202507,ACC-002,2025-06-10,2025-07-10,19270.63,0,19270.63,paid,2025-07-08T14:00:00
INV-003-202507,ACC-003,2025-06-10,2025-07-10,16241.55,0.0,16241.55,paid,2025-07-06T14:00:00
INV-004-202507,ACC-004,2025-06-10,2025-07-10,38385.21,6250.0,44635.21,past_due,2025-07-04T14:00:00
INV-005-202507,ACC-005,2025-06-10,2025-07-10,7626.5,0,7626.5,paid,2025-07-08T14:00:00
INV-006-202507,ACC-006,2025-06-10,2025-07-10,7621.76,0,7621.76,paid,2025-07-06T14:00:00
INV-007-202507,ACC-007,2025-06-10,2025-07-10,19029.85,0.0,19029.85,paid,2025-07-05T14:00:00
INV-008-202507,ACC-008,2025-06-10,2025-07-10,14324.36,5666.65,19991.01,paid,2025-07-07T14:00:00
INV-009-202507,ACC-009,2025-06-10,2025-07-10,27215.76,0.0,27215.76,paid,2025-07-08T14:00:00
INV-010-202507,ACC-010,2025-06-10,2025-07-10,17898.13,0,17898.13,pending,2025-07-06T14:00:00
INV-011-202507,ACC-011,2025-06-10,2025-07-10,3121.7,0,3121.7,paid,2025-07-08T14:00:00
INV-012-202507,ACC-012,2025-06-10,2025-07-10,5912.7,5166.65,11079.35,paid,2025-07-03T14:00:00
INV-013-202507,ACC-013,2025-06-10,2025-07-10,54027.27,0,54027.27,paid,2025-07-09T14:00:00
INV-014-202507,ACC-014,2025-06-10,2025-07-10,45380.28,0.0,45380.28,paid,2025-07-09T14:00:00
INV-015-202507,ACC-015,2025-06-10,2025-07-10,53557.97,0,53557.97,pending,2025-07-06T14:00:00
INV-016-202507,ACC-016,2025-06-10,2025-07-10,47013.07,0.0,47013.07,paid,2025-07-06T14:00:00
INV-017-202507,ACC-017,2025-06-10,2025-07-10,28143.88,4583.35,32727.23,paid,2025-07-05T14:00:00
INV-018-202507,ACC-018,2025-06-10,2025-07-10,2273.68,0,2273.68,paid,2025-07-06T14:00:00
INV-019-202507,ACC-019,2025-06-10,2025-07-10,2488.08,0,2488.08,paid,2025-07-05T14:00:00
INV-020-202507,ACC-020,2025-06-10,2025-07-10,11494.83,0.0,11494.83,past_due,2025-07-08T14:00:00
INV-021-202507,ACC-021,2025-06-10,2025-07-10,24138.37,4166.65,28305.02,paid,2025-07-09T14:00:00
INV-022-202507,ACC-022,2025-06-10,2025-07-10,16963.18,0,16963.18,paid,2025-07-04T14:00:00
INV-023-202507,ACC-023,2025-06-10,2025-07-10,43353.38,0.0,43353.38,paid,2025-07-06T14:00:00
INV-024-202507,ACC-024,2025-06-10,2025-07-10,18275.8,0,18275.8,pending,2025-07-05T14:00:00
INV-025-202507,ACC-025,2025-06-10,2025-07-10,699.2,0,699.2,paid,2025-07-06T14:00:00
INV-026-202507,ACC-026,2025-06-10,2025-07-10,19648.01,0.0,19648.01,paid,2025-07-07T14:00:00
INV-027-202507,ACC-027,2025-06-10,2025-07-10,45087.17,3750.0,48837.17,paid,2025-07-05T14:00:00
INV-028-202507,ACC-028,2025-06-10,2025-07-10,53026.16,0,53026.16,paid,2025-07-03T14:00:00
INV-029-202507,ACC-029,2025-06-10,2025-07-10,30579.74,0.0,30579.74,paid,2025-07-08T14:00:00
INV-030-202507,ACC-030,2025-06-10,2025-07-10,3269.07,0,3269.07,paid,2025-07-09T14:00:00
INV-031-202507,ACC-031,2025-06-10,2025-07-10,3156.38,0,3156.38,paid,2025-07-05T14:00:00
INV-032-202507,ACC-032,2025-06-10,2025-07-10,17546.42,0.0,17546.42,paid,2025-07-09T14:00:00
INV-033-202507,ACC-033,2025-06-10,2025-07-10,46691.76,0,46691.76,pending,2025-07-03T14:00:00
INV-034-202507,ACC-034,2025-06-10,2025-07-10,37908.48,3083.35,40991.83,paid,2025-07-03T14:00:00
INV-035-202507,ACC-035,2025-06-10,2025-07-10,23824.92,0.0,23824.92,pending,2025-07-07T14:00:00
INV-036-202507,ACC-036,2025-06-10,2025-07-10,18261.38,0,18261.38,pending,2025-07-09T14:00:00
INV-037-202507,ACC-037,2025-06-10,2025-07-10,7177.27,0,7177.27,paid,2025-07-04T14:00:00
INV-038-202507,ACC-038,2025-06-10,2025-07-10,24588.11,0.0,24588.11,paid,2025-07-06T14:00:00
INV-039-202507,ACC-039,2025-06-10,2025-07-10,833.48,0,833.48,paid,2025-07-07T14:00:00
INV-040-202507,ACC-040,2025-06-10,2025-07-10,26603.22,2333.35,28936.57,paid,2025-07-08T14:00:00
INV-041-202507,ACC-041,2025-06-10,2025-07-10,53979.76,0,53979.76,paid,2025-07-03T14:00:00
INV-042-202507,ACC-042,2025-06-10,2025-07-10,34707.21,0.0,34707.21,past_due,2025-07-07T14:00:00
INV-043-202507,ACC-043,2025-06-10,2025-07-10,32960.47,0,32960.47,paid,2025-07-03T14:00:00
INV-044-202507,ACC-044,2025-06-10,2025-07-10,820.15,0,820.15,paid,2025-07-08T14:00:00
INV-045-202507,ACC-045,2025-06-10,2025-07-10,50903.02,0.0,50903.02,paid,2025-07-03T14:00:00
INV-046-202507,ACC-046,2025-06-10,2025-07-10,5579.37,0,5579.37,paid,2025-07-03T14:00:00
INV-047-202507,ACC-047,2025-06-10,2025-07-10,53469.4,0,53469.4,paid,2025-07-03T14:00:00
INV-048-202507,ACC-048,2025-06-10,2025-07-10,18322.69,0,18322.69,paid,2025-07-05T14:00:00
INV-049-202507,ACC-049,2025-06-10,2025-07-10,1137.88,0,1137.88,pending,2025-07-04T14:00:00
INV-050-202507,ACC-050,2025-06-10,2025-07-10,1133.14,0,1133.14,paid,2025-07-07T14:00:00
INV-051-202507,ACC-051,2025-06-10,2025-07-10,1474.87,0,1474.87,pending,2025-07-04T14:00:00
INV-052-202507,ACC-052,2025-06-10,2025-07-10,17436.8,0,17436.8,paid,2025-07-08T14:00:00
INV-053-202507,ACC-053,2025-06-10,2025-07-10,4243.78,0,4243.78,pending,2025-07-04T14:00:00
INV-055-202507,ACC-055,2025-06-10,2025-07-10,13515.65,0,13515.65,past_due,2025-07-07T14:00:00
INV-056-202507,ACC-056,2025-06-10,2025-07-10,2280.75,54.43,2335.18,paid,2025-07-04T14:00:00
INV-057-202507,ACC-057,2025-06-10,2025-07-10,11884.2,0,11884.2,paid,2025-07-08T14:00:00
INV-058-202507,ACC-058,2025-06-10,2025-07-10,1556.85,0,1556.85,paid,2025-07-04T14:00:00
INV-059-202507,ACC-059,2025-06-10,2025-07-10,10282.16,0,10282.16,paid,2025-07-03T14:00:00
INV-060-202507,ACC-060,2025-06-10,2025-07-10,11851.07,0,11851.07,paid,2025-07-07T14:00:00
INV-061-202507,ACC-061,2025-06-10,2025-07-10,26050.02,0,26050.02,paid,2025-07-05T14:00:00
INV-062-202507,ACC-062,2025-06-10,2025-07-10,5839.91,0,5839.91,paid,2025-07-06T14:00:00
INV-063-202507,ACC-063,2025-06-10,2025-07-10,15471.98,1446.82,16918.8,paid,2025-07-06T14:00:00
INV-064-202507,ACC-064,2025-06-10,2025-07-10,1514.91,0,1514.91,paid,2025-07-09T14:00:00
INV-065-202507,ACC-065,2025-06-10,2025-07-10,2770.18,0,2770.18,paid,2025-07-06T14:00:00
INV-066-202507,ACC-066,2025-06-10,2025-07-10,29286.68,0,29286.68,failed,2025-07-03T14:00:00
INV-067-202507,ACC-067,2025-06-10,2025-07-10,52839.96,165.64,53005.6,paid,2025-07-06T14:00:00
INV-068-202507,ACC-068,2025-06-10,2025-07-10,7604.09,70.4,7674.49,paid,2025-07-04T14:00:00
INV-069-202507,ACC-069,2025-06-10,2025-07-10,55824.92,0,55824.92,paid,2025-07-09T14:00:00
INV-070-202507,ACC-070,2025-06-10,2025-07-10,11820.12,0,11820.12,paid,2025-07-03T14:00:00
INV-071-202507,ACC-071,2025-06-10,2025-07-10,2212.51,0,2212.51,pending,2025-07-06T14:00:00
INV-072-202507,ACC-072,2025-06-10,2025-07-10,4120.46,0,4120.46,paid,2025-07-07T14:00:00
INV-073-202507,ACC-073,2025-06-10,2025-07-10,25397.07,0,25397.07,paid,2025-07-06T14:00:00
INV-074-202507,ACC-074,2025-06-10,2025-07-10,16474.9,0,16474.9,past_due,2025-07-03T14:00:00
INV-075-202507,ACC-075,2025-06-10,2025-07-10,17980.39,1290.53,19270.92,pending,2025-07-04T14:00:00
INV-076-202507,ACC-076,2025-06-10,2025-07-10,53520.3,0,53520.3,pending,2025-07-05T14:00:00
INV-077-202507,ACC-077,2025-06-10,2025-07-10,13902.29,0,13902.29,paid,2025-07-07T14:00:00
INV-078-202507,ACC-078,2025-06-10,2025-07-10,49024.44,69.8,49094.24,pending,2025-07-07T14:00:00
INV-079-202507,ACC-079,2025-06-10,2025-07-10,3135.42,0,3135.42,paid,2025-07-09T14:00:00
INV-080-202507,ACC-080,2025-06-10,2025-07-10,16321.24,0,16321.24,paid,2025-07-08T14:00:00
INV-081-202507,ACC-081,2025-06-10,2025-07-10,13579.52,0,13579.52,paid,2025-07-05T14:00:00
INV-082-202507,ACC-082,2025-06-10,2025-07-10,55433.36,0,55433.36,paid,2025-07-09T14:00:00
INV-083-202507,ACC-083,2025-06-10,2025-07-10,39857.14,0,39857.14,paid,2025-07-07T14:00:00
INV-084-202507,ACC-084,2025-06-10,2025-07-10,11086.11,0,11086.11,paid,2025-07-07T14:00:00
INV-085-202507,ACC-085,2025-06-10,2025-07-10,44532.72,0,44532.72,paid,2025-07-07T14:00:00
INV-086-202507,ACC-086,2025-06-10,2025-07-10,14171.55,0,14171.55,pending,2025-07-09T14:00:00
INV-087-202507,ACC-087,2025-06-10,2025-07-10,42676.57,0,42676.57,paid,2025-07-04T14:00:00
INV-088-202507,ACC-088,2025-06-10,2025-07-10,5348.61,0,5348.61,paid,2025-07-04T14:00:00
INV-089-202507,ACC-089,2025-06-10,2025-07-10,8338.38,88.84,8427.22,past_due,2025-07-06T14:00:00
INV-090-202507,ACC-090,2025-06-10,2025-07-10,42705.39,0,42705.39,pending,2025-07-07T14:00:00
INV-091-202507,ACC-091,2025-06-10,2025-07-10,9523.45,0,9523.45,paid,2025-07-03T14:00:00
INV-092-202507,ACC-092,2025-06-10,2025-07-10,47739.95,0,47739.95,pending,2025-07-03T14:00:00
INV-093-202507,ACC-093,2025-06-10,2025-07-10,13521.8,0,13521.8,paid,2025-07-04T14:00:00
INV-094-202507,ACC-094,2025-06-10,2025-07-10,15307.7,2607.99,17915.69,paid,2025-07-04T14:00:00
INV-095-202507,ACC-095,2025-06-10,2025-07-10,12888.62,0,12888.62,pending,2025-07-05T14:00:00
INV-096-202507,ACC-096,2025-06-10,2025-07-10,1332.13,0,1332.13,paid,2025-07-04T14:00:00
INV-097-202507,ACC-097,2025-06-10,2025-07-10,25201.77,0,25201.77,pending,2025-07-03T14:00:00
INV-098-202507,ACC-098,2025-06-10,2025-07-10,32268.38,0,32268.38,past_due,2025-07-09T14:00:00
INV-099-202507,ACC-099,2025-06-10,2025-07-10,10833.26,0,10833.26,paid,2025-07-04T14:00:00
INV-100-202507,ACC-100,2025-06-10,2025-07-10,16741.12,122.58,16863.7,paid,2025-07-09T14:00:00
INV-101-202507,ACC-101,2025-06-10,2025-07-10,54915.25,0,54915.25,pending,2025-07-09T14:00:00
INV-102-202507,ACC-102,2025-06-10,2025-07-10,17109.14,0,17109.14,paid,2025-07-03T14:00:00
INV-103-202507,ACC-103,2025-06-10,2025-07-10,2558.14,0,2558.14,paid,2025-07-05T14:00:00
INV-104-202507,ACC-104,2025-06-10,2025-07-10,10987.54,0,10987.54,past_due,2025-07-05T14:00:00
INV-105-202507,ACC-105,2025-06-10,2025-07-10,10541.0,0,10541.0,paid,2025-07-05T14:00:00
INV-106-202507,ACC-106,2025-06-10,2025-07-10,47403.12,0,47403.12,paid,2025-07-07T14:00:00
INV-108-202507,ACC-108,2025-06-10,2025-07-10,11512.26,0,11512.26,pending,2025-07-09T14:00:00
INV-109-202507,ACC-109,2025-06-10,2025-07-10,5766.61,0,5766.61,paid,2025-07-08T14:00:00
INV-110-202507,ACC-110,2025-06-10,2025-07-10,11548.73,0,11548.73,paid,2025-07-04T14:00:00
INV-111-202507,ACC-111,2025-06-10,2025-07-10,1770.18,68.96,1839.14,paid,2025-07-06T14:00:00
INV-112-202507,ACC-112,2025-06-10,2025-07-10,29656.62,989.38,30646.0,paid,2025-07-05T14:00:00
INV-113-202507,ACC-113,2025-06-10,2025-07-10,11600.96,0,11600.96,paid,2025-07-05T14:00:00
INV-114-202507,ACC-114,2025-06-10,2025-07-10,33159.83,0,33159.83,pending,2025-07-07T14:00:00
INV-115-202507,ACC-115,2025-06-10,2025-07-10,2928.07,0,2928.07,past_due,2025-07-05T14:00:00
INV-116-202507,ACC-116,2025-06-10,2025-07-10,16952.78,0,16952.78,pending,2025-07-09T14:00:00
INV-117-202507,ACC-117,2025-06-10,2025-07-10,41781.24,0.02,41781.26,pending,2025-07-09T14:00:00
INV-118-202507,ACC-118,2025-06-10,2025-07-10,30795.99,0,30795.99,paid,2025-07-07T14:00:00
INV-119-202507,ACC-119,2025-06-10,2025-07-10,16547.99,0,16547.99,past_due,2025-07-05T14:00:00
INV-120-202507,ACC-120,2025-06-10,2025-07-10,1999.2,0,1999.2,pending,2025-07-09T14:00:00
INV-121-202507,ACC-121,2025-06-10,2025-07-10,54886.9,0,54886.9,paid,2025-07-07T14:00:00
INV-122-202507,ACC-122,2025-06-10,2025-07-10,15849.17,449.24,16298.41,paid,2025-07-06T14:00:00
INV-123-202507,ACC-123,2025-06-10,2025-07-10,5196.78,0,5196.78,paid,2025-07-04T14:00:00
INV-124-202507,ACC-124,2025-06-10,2025-07-10,30370.63,0,30370.63,paid,2025-07-06T14:00:00
INV-125-202507,ACC-125,2025-06-10,2025-07-10,15037.25,1540.66,16577.91,paid,2025-07-03T14:00:00
INV-126-202507,ACC-126,2025-06-10,2025-07-10,17278.49,0,17278.49,pending,2025-07-03T14:00:00
INV-127-202507,ACC-127,2025-06-10,2025-07-10,1228.6,0,1228.6,pending,2025-07-08T14:00:00
INV-128-202507,ACC-128,2025-06-10,2025-07-10,5295.65,0,5295.65,paid,2025-07-09T14:00:00
INV-129-202507,ACC-129,2025-06-10,2025-07-10,13312.57,0,13312.57,paid,2025-07-09T14:00:00
INV-130-202507,ACC-130,2025-06-10,2025-07-10,16102.04,0,16102.04,paid,2025-07-03T14:00:00
INV-131-202507,ACC-131,2025-06-10,2025-07-10,2467.49,0,2467.49,paid,2025-07-06T14:00:00
INV-132-202507,ACC-132,2025-06-10,2025-07-10,17821.19,0,17821.19,paid,2025-07-05T14:00:00
INV-133-202507,ACC-133,2025-06-10,2025-07-10,2861.48,39.21,2900.69,paid,2025-07-07T14:00:00
INV-134-202507,ACC-134,2025-06-10,2025-07-10,7141.51,0,7141.51,paid,2025-07-08T14:00:00
INV-135-202507,ACC-135,2025-06-10,2025-07-10,34362.85,106.05,34468.9,paid,2025-07-06T14:00:00
INV-136-202507,ACC-136,2025-06-10,2025-07-10,50456.37,0,50456.37,paid,2025-07-03T14:00:00
INV-137-202507,ACC-137,2025-06-10,2025-07-10,7332.23,0,7332.23,paid,2025-07-04T14:00:00
INV-138-202507,ACC-138,2025-06-10,2025-07-10,2241.41,0,2241.41,paid,2025-07-06T14:00:00
INV-139-202507,ACC-139,2025-06-10,2025-07-10,11735.11,0,11735.11,paid,2025-07-06T14:00:00
INV-140-202507,ACC-140,2025-06-10,2025-07-10,10147.92,0,10147.92,paid,2025-07-04T14:00:00
INV-141-202507,ACC-141,2025-06-10,2025-07-10,43824.46,0,43824.46,pending,2025-07-05T14:00:00
INV-142-202507,ACC-142,2025-06-10,2025-07-10,11375.34,0,11375.34,paid,2025-07-08T14:00:00
INV-143-202507,ACC-143,2025-06-10,2025-07-10,10230.56,0,10230.56,paid,2025-07-07T14:00:00
INV-144-202507,ACC-144,2025-06-10,2025-07-10,23024.35,0,23024.35,paid,2025-07-05T14:00:00
INV-145-202507,ACC-145,2025-06-10,2025-07-10,6341.19,0,6341.19,paid,2025-07-03T14:00:00
INV-146-202507,ACC-146,2025-06-10,2025-07-10,14776.42,0,14776.42,paid,2025-07-08T14:00:00
INV-147-202507,ACC-147,2025-06-10,2025-07-10,1506.03,0,1506.03,pending,2025-07-06T14:00:00
INV-148-202507,ACC-148,2025-06-10,2025-07-10,5377.65,0,5377.65,paid,2025-07-09T14:00:00
INV-149-202507,ACC-149,2025-06-10,2025-07-10,54337.07,664.04,55001.11,paid,2025-07-08T14:00:00
INV-150-202507,ACC-150,2025-06-10,2025-07-10,10462.72,0,10462.72,paid,2025-07-08T14:00:00
INV-151-202507,ACC-151,2025-06-10,2025-07-10,1382.02,0,1382.02,paid,2025-07-06T14:00:00
INV-152-202507,ACC-152,2025-06-10,2025-07-10,12059.15,0,12059.15,paid,2025-07-07T14:00:00
INV-153-202507,ACC-153,2025-06-10,2025-07-10,3355.86,0,3355.86,paid,2025-07-06T14:00:00
INV-154-202507,ACC-154,2025-06-10,2025-07-10,12493.71,0,12493.71,paid,2025-07-06T14:00:00
INV-155-202507,ACC-155,2025-06-10,2025-07-10,10182.63,112.62,10295.25,paid,2025-07-07T14:00:00
INV-156-202507,ACC-156,2025-06-10,2025-07-10,8029.81,2457.04,10486.85,pending,2025-07-03T14:00:00
INV-157-202507,ACC-157,2025-06-10,2025-07-10,947.83,0,947.83,paid,2025-07-05T14:00:00
INV-158-202507,ACC-158,2025-06-10,2025-07-10,24994.38,0,24994.38,paid,2025-07-09T14:00:00
INV-159-202507,ACC-159,2025-06-10,2025-07-10,33770.99,0,33770.99,paid,2025-07-09T14:00:00
INV-161-202507,ACC-161,2025-06-10,2025-07-10,17204.68,0,17204.68,pending,2025-07-05T14:00:00
INV-162-202507,ACC-162,2025-06-10,2025-07-10,24367.06,0,24367.06,paid,2025-07-04T14:00:00
INV-163-202507,ACC-163,2025-06-10,2025-07-10,17484.92,0,17484.92,pending,2025-07-05T14:00:00
INV-164-202507,ACC-164,2025-06-10,2025-07-10,3276.71,0,3276.71,paid,2025-07-08T14:00:00
INV-165-202507,ACC-165,2025-06-10,2025-07-10,9470.54,0,9470.54,pending,2025-07-04T14:00:00
INV-166-202507,ACC-166,2025-06-10,2025-07-10,4693.22,41.99,4735.21,paid,2025-07-06T14:00:00
INV-167-202507,ACC-167,2025-06-10,2025-07-10,7213.79,0,7213.79,paid,2025-07-09T14:00:00
INV-168-202507,ACC-168,2025-06-10,2025-07-10,2296.4,0,2296.4,pending,2025-07-09T14:00:00
INV-169-202507,ACC-169,2025-06-10,2025-07-10,6098.66,0,6098.66,past_due,2025-07-09T14:00:00
INV-170-202507,ACC-170,2025-06-10,2025-07-10,39388.73,0,39388.73,failed,2025-07-05T14:00:00
INV-171-202507,ACC-171,2025-06-10,2025-07-10,8444.07,0,8444.07,paid,2025-07-03T14:00:00
INV-172-202507,ACC-172,2025-06-10,2025-07-10,10849.46,0,10849.46,pending,2025-07-04T14:00:00
INV-173-202507,ACC-173,2025-06-10,2025-07-10,8165.34,0,8165.34,past_due,2025-07-08T14:00:00
INV-174-202507,ACC-174,2025-06-10,2025-07-10,11133.18,0,11133.18,paid,2025-07-05T14:00:00
INV-175-202507,ACC-175,2025-06-10,2025-07-10,6282.47,0,6282.47,paid,2025-07-09T14:00:00
INV-176-202507,ACC-176,2025-06-10,2025-07-10,10056.94,0,10056.94,paid,2025-07-09T14:00:00
INV-177-202507,ACC-177,2025-06-10,2025-07-10,17260.48,30.67,17291.15,paid,2025-07-04T14:00:00
INV-178-202507,ACC-178,2025-06-10,2025-07-10,41250.93,0,41250.93,pending,2025-07-03T14:00:00
INV-179-202507,ACC-179,2025-06-10,2025-07-10,11691.73,0,11691.73,pending,2025-07-09T14:00:00
INV-180-202507,ACC-180,2025-06-10,2025-07-10,5242.41,0,5242.41,pending,2025-07-04T14:00:00
INV-181-202507,ACC-181,2025-06-10,2025-07-10,13963.61,0,13963.61,paid,2025-07-05T14:00:00
INV-182-202507,ACC-182,2025-06-10,2025-07-10,37969.38,0,37969.38,pending,2025-07-09T14:00:00
INV-183-202507,ACC-183,2025-06-10,2025-07-10,16543.34,0,16543.34,paid,2025-07-08T14:00:00
INV-184-202507,ACC-184,2025-06-10,2025-07-10,1842.34,0,1842.34,paid,2025-07-04T14:00:00
INV-185-202507,ACC-185,2025-06-10,2025-07-10,12206.24,0,12206.24,paid,2025-07-07T14:00:00
INV-186-202507,ACC-186,2025-06-10,2025-07-10,29380.16,866.19,30246.35,paid,2025-07-08T14:00:00
INV-187-202507,ACC-187,2025-06-10,2025-07-10,28407.39,2650.92,31058.31,paid,2025-07-08T14:00:00
INV-188-202507,ACC-188,2025-06-10,2025-07-10,16197.53,0,16197.53,paid,2025-07-04T14:00:00
INV-189-202507,ACC-189,2025-06-10,2025-07-10,2664.81,0,2664.81,pending,2025-07-06T14:00:00
INV-190-202507,ACC-190,2025-06-10,2025-07-10,1024.36,0,1024.36,paid,2025-07-09T14:00:00
INV-191-202507,ACC-191,2025-06-10,2025-07-10,10277.77,0,10277.77,pending,2025-07-05T14:00:00
INV-192-202507,ACC-192,2025-06-10,2025-07-10,878.68,0,878.68,paid,2025-07-08T14:00:00
INV-193-202507,ACC-193,2025-06-10,2025-07-10,4691.34,0,4691.34,paid,2025-07-06T14:00:00
INV-194-202507,ACC-194,2025-06-10,2025-07-10,2442.6,0,2442.6,past_due,2025-07-03T14:00:00
INV-195-202507,ACC-195,2025-06-10,2025-07-10,41298.38,0,41298.38,paid,2025-07-05T14:00:00
INV-196-202507,ACC-196,2025-06-10,2025-07-10,55764.07,0,55764.07,pending,2025-07-06T14:00:00
INV-197-202507,ACC-197,2025-06-10,2025-07-10,16900.79,0,16900.79,paid,2025-07-08T14:00:00
INV-198-202507,ACC-198,2025-06-10,2025-07-10,29935.97,0,29935.97,paid,2025-07-08T14:00:00
INV-199-202507,ACC-199,2025-06-10,2025-07-10,11894.6,116.38,12010.98,paid,2025-07-03T14:00:00
INV-200-202507,ACC-200,2025-06-10,2025-07-10,51284.98,0,51284.98,paid,2025-07-04T14:00:00
INV-201-202507,ACC-201,2025-06-10,2025-07-10,1072.17,0,1072.17,paid,2025-07-07T14:00:00
INV-202-202507,ACC-202,2025-06-10,2025-07-10,16833.81,94.37,16928.18,paid,2025-07-07T14:00:00
INV-203-202507,ACC-203,2025-06-10,2025-07-10,4595.62,0,4595.62,pending,2025-07-07T14:00:00
INV-204-202507,ACC-204,2025-06-10,2025-07-10,9793.92,0.01,9793.93,paid,2025-07-07T14:00:00
INV-205-202507,ACC-205,2025-06-10,2025-07-10,31028.88,0,31028.88,paid,2025-07-06T14:00:00
INV-206-202507,ACC-206,2025-06-10,2025-07-10,8824.56,0,8824.56,past_due,2025-07-06T14:00:00
INV-207-202507,ACC-207,2025-06-10,2025-07-10,2531.65,0,2531.65,paid,2025-07-06T14:00:00
INV-208-202507,ACC-208,2025-06-10,2025-07-10,17941.77,0,17941.77,pending,2025-07-08T14:00:00
INV-209-202507,ACC-209,2025-06-10,2025-07-10,1477.55,0,1477.55,paid,2025-07-05T14:00:00
INV-210-202507,ACC-210,2025-06-10,2025-07-10,2425.86,0,2425.86,past_due,2025-07-08T14:00:00
INV-211-202507,ACC-211,2025-06-10,2025-07-10,761.2,0,761.2,paid,2025-07-08T14:00:00
INV-212-202507,ACC-212,2025-06-10,2025-07-10,9663.3,0,9663.3,paid,2025-07-07T14:00:00
INV-214-202507,ACC-214,2025-06-10,2025-07-10,1394.75,0,1394.75,paid,2025-07-03T14:00:00
INV-215-202507,ACC-215,2025-06-10,2025-07-10,55120.55,0,55120.55,paid,2025-07-05T14:00:00
INV-216-202507,ACC-216,2025-06-10,2025-07-10,18035.81,0,18035.81,pending,2025-07-07T14:00:00
INV-217-202507,ACC-217,2025-06-10,2025-07-10,706.1,0,706.1,paid,2025-07-04T14:00:00
INV-218-202507,ACC-218,2025-06-10,2025-07-10,7388.73,949.55,8338.28,paid,2025-07-04T14:00:00
INV-219-202507,ACC-219,2025-06-10,2025-07-10,10493.57,0,10493.57,pending,2025-07-03T14:00:00
INV-220-202507,ACC-220,2025-06-10,2025-07-10,1293.87,0,1293.87,paid,2025-07-08T14:00:00
INV-221-202507,ACC-221,2025-06-10,2025-07-10,5573.36,101.31,5674.67,pending,2025-07-05T14:00:00
INV-222-202507,ACC-222,2025-06-10,2025-07-10,24783.34,0,24783.34,paid,2025-07-03T14:00:00
INV-223-202507,ACC-223,2025-06-10,2025-07-10,42936.93,1110.59,44047.52,past_due,2025-07-08T14:00:00
INV-224-202507,ACC-224,2025-06-10,2025-07-10,5792.09,0,5792.09,paid,2025-07-04T14:00:00
INV-225-202507,ACC-225,2025-06-10,2025-07-10,9553.72,0,9553.72,pending,2025-07-07T14:00:00
INV-226-202507,ACC-226,2025-06-10,2025-07-10,10076.85,0,10076.85,paid,2025-07-03T14:00:00
INV-227-202507,ACC-227,2025-06-10,2025-07-10,1707.45,0,1707.45,paid,2025-07-04T14:00:00
INV-228-202507,ACC-228,2025-06-10,2025-07-10,20089.99,0,20089.99,pending,2025-07-05T14:00:00
INV-229-202507,ACC-229,2025-06-10,2025-07-10,12985.81,0,12985.81,paid,2025-07-06T14:00:00
INV-230-202507,ACC-230,2025-06-10,2025-07-10,18167.51,0,18167.51,paid,2025-07-05T14:00:00
INV-231-202507,ACC-231,2025-06-10,2025-07-10,2236.92,0,2236.92,pending,2025-07-04T14:00:00
INV-232-202507,ACC-232,2025-06-10,2025-07-10,52522.13,60.19,52582.32,pending,2025-07-08T14:00:00
INV-233-202507,ACC-233,2025-06-10,2025-07-10,2197.28,0,2197.28,paid,2025-07-03T14:00:00
INV-234-202507,ACC-234,2025-06-10,2025-07-10,47916.03,0,47916.03,paid,2025-07-06T14:00:00
INV-235-202507,ACC-235,2025-06-10,2025-07-10,26056.98,0,26056.98,paid,2025-07-05T14:00:00
INV-236-202507,ACC-236,2025-06-10,2025-07-10,4442.78,0,4442.78,paid,2025-07-05T14:00:00
INV-237-202507,ACC-237,2025-06-10,2025-07-10,10204.75,0,10204.75,pending,2025-07-08T14:00:00
INV-238-202507,ACC-238,2025-06-10,2025-07-10,16979.82,0,16979.82,past_due,2025-07-05T14:00:00
INV-239-202507,ACC-239,2025-06-10,2025-07-10,3962.07,0,3962.07,pending,2025-07-06T14:00:00
INV-240-202507,ACC-240,2025-06-10,2025-07-10,10772.32,0,10772.32,paid,2025-07-06T14:00:00
INV-241-202507,ACC-241,2025-06-10,2025-07-10,5700.28,0,5700.28,paid,2025-07-09T14:00:00
INV-242-202507,ACC-242,2025-06-10,2025-07-10,11633.95,0,11633.95,paid,2025-07-09T14:00:00
INV-243-202507,ACC-243,2025-06-10,2025-07-10,10230.11,248.8,10478.91,paid,2025-07-06T14:00:00
INV-244-202507,ACC-244,2025-06-10,2025-07-10,990.84,0,990.84,paid,2025-07-07T14:00:00
INV-245-202507,ACC-245,2025-06-10,2025-07-10,15773.39,0,15773.39,past_due,2025-07-05T14:00:00
INV-246-202507,ACC-246,2025-06-10,2025-07-10,32781.83,0,32781.83,pending,2025-07-05T14:00:00
INV-247-202507,ACC-247,2025-06-10,2025-07-10,10534.97,0,10534.97,paid,2025-07-07T14:00:00
INV-248-202507,ACC-248,2025-06-10,2025-07-10,14544.74,0,14544.74,pending,2025-07-07T14:00:00
INV-249-202507,ACC-249,2025-06-10,2025-07-10,54859.36,3296.24,58155.6,paid,2025-07-05T14:00:00
INV-250-202507,ACC-250,2025-06-10,2025-07-10,29733.25,0,29733.25,paid,2025-07-03T14:00:00
INV-251-202507,ACC-251,2025-06-10,2025-07-10,8716.09,0,8716.09,paid,2025-07-08T14:00:00
INV-252-202507,ACC-252,2025-06-10,2025-07-10,35091.22,0,35091.22,paid,2025-07-03T14:00:00
INV-253-202507,ACC-253,2025-06-10,2025-07-10,14811.98,0,14811.98,pending,2025-07-03T14:00:00
INV-254-202507,ACC-254,2025-06-10,2025-07-10,11820.99,0,11820.99,paid,2025-07-06T14:00:00
INV-255-202507,ACC-255,2025-06-10,2025-07-10,3889.43,0,3889.43,paid,2025-07-04T14:00:00
INV-256-202507,ACC-256,2025-06-10,2025-07-10,46767.06,0,46767.06,pending,2025-07-05T14:00:00
INV-257-202507,ACC-257,2025-06-10,2025-07-10,20968.81,0,20968.81,paid,2025-07-03T14:00:00
INV-258-202507,ACC-258,2025-06-10,2025-07-10,17915.19,0,17915.19,paid,2025-07-06T14:00:00
INV-259-202507,ACC-259,2025-06-10,2025-07-10,10229.08,0,10229.08,paid,2025-07-07T14:00:00
INV-260-202507,ACC-260,2025-06-10,2025-07-10,15023.06,1188.99,16212.05,paid,2025-07-09T14:00:00
INV-261-202507,ACC-261,2025-06-10,2025-07-10,1107.48,0,1107.48,paid,2025-07-03T14:00:00
INV-262-202507,ACC-262,2025-06-10,2025-07-10,10703.98,0,10703.98,paid,2025-07-08T14:00:00
INV-263-202507,ACC-263,2025-06-10,2025-07-10,36347.76,0,36347.76,paid,2025-07-04T14:00:00
INV-264-202507,ACC-264,2025-06-10,2025-07-10,13564.21,0,13564.21,paid,2025-07-05T14:00:00
INV-265-202507,ACC-265,2025-06-10,2025-07-10,6771.02,111.49,6882.51,failed,2025-07-05T14:00:00
INV-267-202507,ACC-267,2025-06-10,2025-07-10,3614.66,0,3614.66,paid,2025-07-08T14:00:00
INV-268-202507,ACC-268,2025-06-10,2025-07-10,13937.79,0,13937.79,paid,2025-07-04T14:00:00
INV-269-202507,ACC-269,2025-06-10,2025-07-10,8753.48,117.2,8870.68,past_due,2025-07-08T14:00:00
INV-270-202507,ACC-270,2025-06-10,2025-07-10,53381.77,0,53381.77,past_due,2025-07-04T14:00:00
INV-271-202507,ACC-271,2025-06-10,2025-07-10,14024.24,0,14024.24,paid,2025-07-03T14:00:00
INV-272-202507,ACC-272,2025-06-10,2025-07-10,17831.96,0,17831.96,paid,2025-07-09T14:00:00
INV-273-202507,ACC-273,2025-06-10,2025-07-10,3272.68,0,3272.68,past_due,2025-07-05T14:00:00
INV-274-202507,ACC-274,2025-06-10,2025-07-10,9440.01,0,9440.01,past_due,2025-07-03T14:00:00
INV-275-202507,ACC-275,2025-06-10,2025-07-10,6786.65,0,6786.65,pending,2025-07-03T14:00:00
INV-276-202507,ACC-276,2025-06-10,2025-07-10,11370.64,32.28,11402.92,pending,2025-07-07T14:00:00
INV-277-202507,ACC-277,2025-06-10,2025-07-10,15647.74,0,15647.74,paid,2025-07-05T14:00:00
INV-278-202507,ACC-278,2025-06-10,2025-07-10,23219.66,0,23219.66,paid,2025-07-09T14:00:00
INV-279-202507,ACC-279,2025-06-10,2025-07-10,4617.74,0,4617.74,paid,2025-07-07T14:00:00
INV-280-202507,ACC-280,2025-06-10,2025-07-10,39144.5,2365.89,41510.39,paid,2025-07-05T14:00:00
INV-281-202507,ACC-281,2025-06-10,2025-07-10,2443.78,0,2443.78,paid,2025-07-05T14:00:00
INV-282-202507,ACC-282,2025-06-10,2025-07-10,7991.84,0,7991.84,paid,2025-07-05T14:00:00
INV-283-202507,ACC-283,2025-06-10,2025-07-10,4600.49,0,4600.49,pending,2025-07-07T14:00:00
INV-284-202507,ACC-284,2025-06-10,2025-07-10,49654.03,0,49654.03,failed,2025-07-03T14:00:00
INV-285-202507,ACC-285,2025-06-10,2025-07-10,9203.16,0,9203.16,paid,2025-07-06T14:00:00
INV-286-202507,ACC-286,2025-06-10,2025-07-10,782.9,0,782.9,paid,2025-07-05T14:00:00
INV-287-202507,ACC-287,2025-06-10,2025-07-10,17706.22,0,17706.22,pending,2025-07-03T14:00:00
INV-288-202507,ACC-288,2025-06-10,2025-07-10,1639.74,0,1639.74,paid,2025-07-05T14:00:00
INV-289-202507,ACC-289,2025-06-10,2025-07-10,33239.93,0,33239.93,paid,2025-07-04T14:00:00
INV-290-202507,ACC-290,2025-06-10,2025-07-10,8897.82,0,8897.82,pending,2025-07-08T14:00:00
INV-291-202507,ACC-291,2025-06-10,2025-07-10,13570.32,0,13570.32,pending,2025-07-08T14:00:00
INV-292-202507,ACC-292,2025-06-10,2025-07-10,11776.45,0,11776.45,paid,2025-07-09T14:00:00
INV-293-202507,ACC-293,2025-06-10,2025-07-10,13239.03,0,13239.03,paid,2025-07-04T14:00:00
INV-294-202507,ACC-294,2025-06-10,2025-07-10,42650.5,0,42650.5,past_due,2025-07-09T14:00:00
INV-295-202507,ACC-295,2025-06-10,2025-07-10,9314.04,0,9314.04,paid,2025-07-07T14:00:00
INV-296-202507,ACC-296,2025-06-10,2025-07-10,13045.15,0,13045.15,pending,2025-07-07T14:00:00
INV-297-202507,ACC-297,2025-06-10,2025-07-10,17548.78,1717.24,19266.02,paid,2025-07-04T14:00:00
INV-298-202507,ACC-298,2025-06-10,2025-07-10,11042.58,21.8,11064.38,paid,2025-07-05T14:00:00
INV-299-202507,ACC-299,2025-06-10,2025-07-10,23924.69,0,23924.69,paid,2025-07-04T14:00:00
INV-300-202507,ACC-300,2025-06-10,2025-07-10,1105.68,0,1105.68,paid,2025-07-04T14:00:00
INV-301-202507,ACC-301,2025-06-10,2025-07-10,14456.55,0,14456.55,paid,2025-07-04T14:00:00
INV-302-202507,ACC-302,2025-06-10,2025-07-10,14866.9,0,14866.9,pending,2025-07-07T14:00:00
INV-303-202507,ACC-303,2025-06-10,2025-07-10,22535.25,0,22535.25,pending,2025-07-08T14:00:00
INV-304-202507,ACC-304,2025-06-10,2025-07-10,9594.4,0,9594.4,paid,2025-07-04T14:00:00
INV-305-202507,ACC-305,2025-06-10,2025-07-10,14603.29,0,14603.29,paid,2025-07-09T14:00:00
INV-306-202507,ACC-306,2025-06-10,2025-07-10,55233.19,0,55233.19,paid,2025-07-06T14:00:00
INV-307-202507,ACC-307,2025-06-10,2025-07-10,11961.22,0,11961.22,paid,2025-07-09T14:00:00
INV-308-202507,ACC-308,2025-06-10,2025-07-10,9164.44,0,9164.44,paid,2025-07-06T14:00:00
INV-309-202507,ACC-309,2025-06-10,2025-07-10,2936.9,129.86,3066.76,paid,2025-07-09T14:00:00
INV-310-202507,ACC-310,2025-06-10,2025-07-10,9006.31,0,9006.31,paid,2025-07-04T14:00:00
INV-311-202507,ACC-311,2025-06-10,2025-07-10,46796.54,2139.36,48935.9,paid,2025-07-07T14:00:00
INV-312-202507,ACC-312,2025-06-10,2025-07-10,33228.02,0,33228.02,paid,2025-07-03T14:00:00
INV-313-202507,ACC-313,2025-06-10,2025-07-10,1842.21,0,1842.21,paid,2025-07-08T14:00:00
INV-314-202507,ACC-314,2025-06-10,2025-07-10,4710.48,0,4710.48,past_due,2025-07-07T14:00:00
INV-315-202507,ACC-315,2025-06-10,2025-07-10,3044.33,0,3044.33,paid,2025-07-05T14:00:00
INV-316-202507,ACC-316,2025-06-10,2025-07-10,15808.13,0,15808.13,paid,2025-07-05T14:00:00
INV-317-202507,ACC-317,2025-06-10,2025-07-10,16936.89,0,16936.89,paid,2025-07-09T14:00:00
INV-318-202507,ACC-318,2025-06-10,2025-07-10,2221.61,0,2221.61,paid,2025-07-09T14:00:00
INV-320-202507,ACC-320,2025-06-10,2025-07-10,49861.99,0,49861.99,paid,2025-07-04T14:00:00
INV-321-202507,ACC-321,2025-06-10,2025-07-10,36473.99,0,36473.99,paid,2025-07-04T14:00:00
INV-322-202507,ACC-322,2025-06-10,2025-07-10,12619.68,0,12619.68,paid,2025-07-07T14:00:00
INV-323-202507,ACC-323,2025-06-10,2025-07-10,42842.29,0,42842.29,failed,2025-07-07T14:00:00
INV-324-202507,ACC-324,2025-06-10,2025-07-10,2208.23,0,2208.23,failed,2025-07-08T14:00:00
INV-325-202507,ACC-325,2025-06-10,2025-07-10,18052.08,0,18052.08,paid,2025-07-04T14:00:00
INV-326-202507,ACC-326,2025-06-10,2025-07-10,1643.61,0,1643.61,paid,2025-07-03T14:00:00
INV-327-202507,ACC-327,2025-06-10,2025-07-10,37750.57,0,37750.57,past_due,2025-07-06T14:00:00
INV-328-202507,ACC-328,2025-06-10,2025-07-10,6203.79,0,6203.79,paid,2025-07-06T14:00:00
INV-329-202507,ACC-329,2025-06-10,2025-07-10,10288.91,0,10288.91,paid,2025-07-06T14:00:00
INV-330-202507,ACC-330,2025-06-10,2025-07-10,3176.41,0,3176.41,paid,2025-07-04T14:00:00
INV-331-202507,ACC-331,2025-06-10,2025-07-10,2205.25,48.76,2254.01,paid,2025-07-03T14:00:00
INV-332-202507,ACC-332,2025-06-10,2025-07-10,15082.48,0,15082.48,pending,2025-07-04T14:00:00
INV-333-202507,ACC-333,2025-06-10,2025-07-10,1904.7,0,1904.7,pending,2025-07-03T14:00:00
INV-334-202507,ACC-334,2025-06-10,2025-07-10,10860.35,1151.18,12011.53,paid,2025-07-09T14:00:00
INV-335-202507,ACC-335,2025-06-10,2025-07-10,15383.7,0,15383.7,paid,2025-07-05T14:00:00
INV-336-202507,ACC-336,2025-06-10,2025-07-10,15698.06,38.79,15736.85,paid,2025-07-08T14:00:00
INV-337-202507,ACC-337,2025-06-10,2025-07-10,28663.33,0,28663.33,past_due,2025-07-04T14:00:00
INV-338-202507,ACC-338,2025-06-10,2025-07-10,9820.72,0,9820.72,paid,2025-07-04T14:00:00
INV-339-202507,ACC-339,2025-06-10,2025-07-10,51251.55,0,51251.55,pending,2025-07-08T14:00:00
INV-340-202507,ACC-340,2025-06-10,2025-07-10,55834.47,0,55834.47,paid,2025-07-04T14:00:00
INV-341-202507,ACC-341,2025-06-10,2025-07-10,8889.11,0,8889.11,pending,2025-07-06T14:00:00
INV-342-202507,ACC-342,2025-06-10,2025-07-10,13558.32,1988.38,15546.7,paid,2025-07-03T14:00:00
INV-343-202507,ACC-343,2025-06-10,2025-07-10,15047.98,0,15047.98,paid,2025-07-07T14:00:00
INV-344-202507,ACC-344,2025-06-10,2025-07-10,758.43,0,758.43,paid,2025-07-09T14:00:00
INV-345-202507,ACC-345,2025-06-10,2025-07-10,4640.47,0,4640.47,paid,2025-07-06T14:00:00
INV-346-202507,ACC-346,2025-06-10,2025-07-10,13135.15,0,13135.15,paid,2025-07-06T14:00:00
INV-347-202507,ACC-347,2025-06-10,2025-07-10,10902.49,0,10902.49,pending,2025-07-06T14:00:00
INV-348-202507,ACC-348,2025-06-10,2025-07-10,25845.41,0,25845.41,paid,2025-07-05T14:00:00
INV-349-202507,ACC-349,2025-06-10,2025-07-10,17094.44,0,17094.44,past_due,2025-07-03T14:00:00
INV-350-202507,ACC-350,2025-06-10,2025-07-10,18085.5,0,18085.5,paid,2025-07-03T14:00:00
INV-351-202507,ACC-351,2025-06-10,2025-07-10,3408.09,0,3408.09,pending,2025-07-07T14:00:00
INV-352-202507,ACC-352,2025-06-10,2025-07-10,16721.42,0,16721.42,paid,2025-07-04T14:00:00
INV-353-202507,ACC-353,2025-06-10,2025-07-10,6826.25,85.78,6912.03,paid,2025-07-04T14:00:00
INV-354-202507,ACC-354,2025-06-10,2025-07-10,741.14,0,741.14,paid,2025-07-07T14:00:00
INV-355-202507,ACC-355,2025-06-10,2025-07-10,4778.86,0,4778.86,paid,2025-07-07T14:00:00
INV-356-202507,ACC-356,2025-06-10,2025-07-10,11297.82,0,11297.82,pending,2025-07-06T14:00:00
INV-357-202507,ACC-357,2025-06-10,2025-07-10,28209.49,0,28209.49,paid,2025-07-06T14:00:00
INV-358-202507,ACC-358,2025-06-10,2025-07-10,8610.3,0,8610.3,paid,2025-07-05T14:00:00
INV-359-202507,ACC-359,2025-06-10,2025-07-10,5413.99,0,5413.99,paid,2025-07-05T14:00:00
INV-360-202507,ACC-360,2025-06-10,2025-07-10,21375.64,0,21375.64,pending,2025-07-04T14:00:00
INV-361-202507,ACC-361,2025-06-10,2025-07-10,1305.5,0,1305.5,paid,2025-07-09T14:00:00
INV-362-202507,ACC-362,2025-06-10,2025-07-10,2227.38,0,2227.38,paid,2025-07-07T14:00:00
INV-363-202507,ACC-363,2025-06-10,2025-07-10,41707.81,0,41707.81,pending,2025-07-06T14:00:00
INV-364-202507,ACC-364,2025-06-10,2025-07-10,41019.97,269.22,41289.19,paid,2025-07-06T14:00:00
INV-365-202507,ACC-365,2025-06-10,2025-07-10,50990.88,0,50990.88,pending,2025-07-09T14:00:00
INV-366-202507,ACC-366,2025-06-10,2025-07-10,7425.73,0,7425.73,paid,2025-07-03T14:00:00
INV-367-202507,ACC-367,2025-06-10,2025-07-10,3949.24,0,3949.24,paid,2025-07-04T14:00:00
INV-368-202507,ACC-368,2025-06-10,2025-07-10,2035.01,0,2035.01,paid,2025-07-07T14:00:00
INV-369-202507,ACC-369,2025-06-10,2025-07-10,5844.86,0,5844.86,paid,2025-07-05T14:00:00
INV-370-202507,ACC-370,2025-06-10,2025-07-10,40277.51,0,40277.51,pending,2025-07-09T14:00:00
INV-371-202507,ACC-371,2025-06-10,2025-07-10,8623.0,1864.41,10487.41,paid,2025-07-03T14:00:00
INV-373-202507,ACC-373,2025-06-10,2025-07-10,33733.17,1095.8,34828.97,paid,2025-07-07T14:00:00
INV-374-202507,ACC-374,2025-06-10,2025-07-10,9198.22,0,9198.22,paid,2025-07-03T14:00:00
INV-375-202507,ACC-375,2025-06-10,2025-07-10,3223.21,0,3223.21,paid,2025-07-07T14:00:00
INV-376-202507,ACC-376,2025-06-10,2025-07-10,10890.94,0,10890.94,paid,2025-07-03T14:00:00
INV-377-202507,ACC-377,2025-06-10,2025-07-10,2075.88,0,2075.88,failed,2025-07-05T14:00:00
INV-378-202507,ACC-378,2025-06-10,2025-07-10,1276.24,0,1276.24,paid,2025-07-05T14:00:00
INV-379-202507,ACC-379,2025-06-10,2025-07-10,16588.04,0,16588.04,past_due,2025-07-09T14:00:00
INV-380-202507,ACC-380,2025-06-10,2025-07-10,19479.05,0,19479.05,pending,2025-07-04T14:00:00
INV-381-202507,ACC-381,2025-06-10,2025-07-10,9481.6,0,9481.6,paid,2025-07-07T14:00:00
INV-382-202507,ACC-382,2025-06-10,2025-07-10,6387.39,0,6387.39,paid,2025-07-06T14:00:00
INV-383-202507,ACC-383,2025-06-10,2025-07-10,10180.26,0,10180.26,paid,2025-07-04T14:00:00
INV-384-202507,ACC-384,2025-06-10,2025-07-10,2594.46,0,2594.46,pending,2025-07-08T14:00:00
INV-385-202507,ACC-385,2025-06-10,2025-07-10,18137.35,0,18137.35,paid,2025-07-04T14:00:00
INV-386-202507,ACC-386,2025-06-10,2025-07-10,40102.62,134.27,40236.89,paid,2025-07-03T14:00:00
INV-387-202507,ACC-387,2025-06-10,2025-07-10,20709.85,0,20709.85,paid,2025-07-08T14:00:00
INV-388-202507,ACC-388,2025-06-10,2025-07-10,12492.86,0,12492.86,paid,2025-07-03T14:00:00
INV-389-202507,ACC-389,2025-06-10,2025-07-10,1569.17,0,1569.17,past_due,2025-07-09T14:00:00
INV-390-202507,ACC-390,2025-06-10,2025-07-10,15786.29,0,15786.29,paid,2025-07-05T14:00:00
INV-391-202507,ACC-391,2025-06-10,2025-07-10,10544.24,0,10544.24,paid,2025-07-03T14:00:00
INV-392-202507,ACC-392,2025-06-10,2025-07-10,18035.15,0,18035.15,paid,2025-07-03T14:00:00
INV-393-202507,ACC-393,2025-06-10,2025-07-10,3137.61,0,3137.61,paid,2025-07-08T14:00:00
INV-394-202507,ACC-394,2025-06-10,2025-07-10,2884.89,0,2884.89,past_due,2025-07-03T14:00:00
INV-395-202507,ACC-395,2025-06-10,2025-07-10,41209.39,0,41209.39,failed,2025-07-08T14:00:00
INV-396-202507,ACC-396,2025-06-10,2025-07-10,1352.89,0,1352.89,pending,2025-07-04T14:00:00
INV-397-202507,ACC-397,2025-06-10,2025-07-10,5746.23,70.89,5817.12,paid,2025-07-05T14:00:00
INV-398-202507,ACC-398,2025-06-10,2025-07-10,17154.39,0,17154.39,paid,2025-07-08T14:00:00
INV-399-202507,ACC-399,2025-06-10,2025-07-10,28543.73,0,28543.73,paid,2025-07-03T14:00:00
INV-400-202507,ACC-400,2025-06-10,2025-07-10,6068.87,0,6068.87,paid,2025-07-05T14:00:00
INV-401-202507,ACC-401,2025-06-10,2025-07-10,14951.18,0,14951.18,paid,2025-07-04T14:00:00
INV-402-202507,ACC-402,2025-06-10,2025-07-10,25271.63,0,25271.63,paid,2025-07-07T14:00:00
INV-403-202507,ACC-403,2025-06-10,2025-07-10,3449.74,77.8,3527.54,paid,2025-07-07T14:00:00
INV-404-202507,ACC-404,2025-06-10,2025-07-10,38353.65,1868.59,40222.24,paid,2025-07-03T14:00:00
INV-405-202507,ACC-405,2025-06-10,2025-07-10,11557.33,0,11557.33,paid,2025-07-03T14:00:00
INV-406-202507,ACC-406,2025-06-10,2025-07-10,1489.62,0,1489.62,paid,2025-07-09T14:00:00
INV-407-202507,ACC-407,2025-06-10,2025-07-10,14585.52,0,14585.52,pending,2025-07-08T14:00:00
INV-408-202507,ACC-408,2025-06-10,2025-07-10,53876.0,1441.69,55317.69,pending,2025-07-05T14:00:00
INV-409-202507,ACC-409,2025-06-10,2025-07-10,12204.65,0,12204.65,paid,2025-07-06T14:00:00
INV-410-202507,ACC-410,2025-06-10,2025-07-10,1306.07,0,1306.07,paid,2025-07-03T14:00:00
INV-411-202507,ACC-411,2025-06-10,2025-07-10,10507.32,0,10507.32,paid,2025-07-08T14:00:00
INV-412-202507,ACC-412,2025-06-10,2025-07-10,1114.17,0,1114.17,paid,2025-07-08T14:00:00
INV-413-202507,ACC-413,2025-06-10,2025-07-10,1576.64,0,1576.64,paid,2025-07-07T14:00:00
INV-414-202507,ACC-414,2025-06-10,2025-07-10,14226.25,0,14226.25,paid,2025-07-04T14:00:00
INV-415-202507,ACC-415,2025-06-10,2025-07-10,1164.73,0,1164.73,paid,2025-07-06T14:00:00
INV-416-202507,ACC-416,2025-06-10,2025-07-10,3392.71,0,3392.71,paid,2025-07-06T14:00:00
INV-417-202507,ACC-417,2025-06-10,2025-07-10,5091.63,0,5091.63,paid,2025-07-06T14:00:00
INV-418-202507,ACC-418,2025-06-10,2025-07-10,2206.02,0,2206.02,paid,2025-07-08T14:00:00
INV-419-202507,ACC-419,2025-06-10,2025-07-10,15497.41,0,15497.41,pending,2025-07-07T14:00:00
INV-420-202507,ACC-420,2025-06-10,2025-07-10,7316.1,0,7316.1,paid,2025-07-05T14:00:00
INV-421-202507,ACC-421,2025-06-10,2025-07-10,7876.19,0,7876.19,paid,2025-07-06T14:00:00
INV-422-202507,ACC-422,2025-06-10,2025-07-10,3208.29,0,3208.29,past_due,2025-07-06T14:00:00
INV-423-202507,ACC-423,2025-06-10,2025-07-10,4914.88,0,4914.88,pending,2025-07-08T14:00:00
INV-424-202507,ACC-424,2025-06-10,2025-07-10,686.02,0,686.02,pending,2025-07-09T14:00:00
INV-426-202507,ACC-426,2025-06-10,2025-07-10,29981.34,0,29981.34,pending,2025-07-04T14:00:00
INV-427-202507,ACC-427,2025-06-10,2025-07-10,27783.6,0,27783.6,pending,2025-07-03T14:00:00
INV-428-202507,ACC-428,2025-06-10,2025-07-10,13739.31,0,13739.31,paid,2025-07-08T14:00:00
INV-429-202507,ACC-429,2025-06-10,2025-07-10,54890.02,0,54890.02,paid,2025-07-09T14:00:00
INV-430-202507,ACC-430,2025-06-10,2025-07-10,12485.13,0,12485.13,paid,2025-07-03T14:00:00
INV-431-202507,ACC-431,2025-06-10,2025-07-10,15396.26,0,15396.26,paid,2025-07-07T14:00:00
INV-432-202507,ACC-432,2025-06-10,2025-07-10,16451.5,0,16451.5,past_due,2025-07-08T14:00:00
INV-433-202507,ACC-433,2025-06-10,2025-07-10,8866.48,0,8866.48,paid,2025-07-06T14:00:00
INV-434-202507,ACC-434,2025-06-10,2025-07-10,3224.85,0,3224.85,paid,2025-07-03T14:00:00
INV-435-202507,ACC-435,2025-06-10,2025-07-10,50603.58,1293.06,51896.64,paid,2025-07-08T14:00:00
INV-436-202507,ACC-436,2025-06-10,2025-07-10,39297.82,0.01,39297.83,paid,2025-07-08T14:00:00
INV-437-202507,ACC-437,2025-06-10,2025-07-10,1951.39,0,1951.39,pending,2025-07-07T14:00:00
INV-438-202507,ACC-438,2025-06-10,2025-07-10,13479.39,0,13479.39,paid,2025-07-04T14:00:00
INV-439-202507,ACC-439,2025-06-10,2025-07-10,15125.64,0,15125.64,paid,2025-07-04T14:00:00
INV-440-202507,ACC-440,2025-06-10,2025-07-10,29355.37,0,29355.37,pending,2025-07-07T14:00:00
INV-441-202507,ACC-441,2025-06-10,2025-07-10,862.22,70.48,932.7,paid,2025-07-09T14:00:00
INV-442-202507,ACC-442,2025-06-10,2025-07-10,20642.87,0,20642.87,paid,2025-07-03T14:00:00
INV-443-202507,ACC-443,2025-06-10,2025-07-10,17103.87,0,17103.87,past_due,2025-07-03T14:00:00
INV-444-202507,ACC-444,2025-06-10,2025-07-10,13316.59,0,13316.59,paid,2025-07-07T14:00:00
INV-445-202507,ACC-445,2025-06-10,2025-07-10,5259.72,882.7,6142.42,paid,2025-07-06T14:00:00
INV-446-202507,ACC-446,2025-06-10,2025-07-10,55780.18,0,55780.18,paid,2025-07-07T14:00:00
INV-447-202507,ACC-447,2025-06-10,2025-07-10,14166.56,0,14166.56,paid,2025-07-05T14:00:00
INV-448-202507,ACC-448,2025-06-10,2025-07-10,1367.95,0,1367.95,paid,2025-07-07T14:00:00
INV-449-202507,ACC-449,2025-06-10,2025-07-10,2720.9,0,2720.9,paid,2025-07-04T14:00:00
INV-450-202507,ACC-450,2025-06-10,2025-07-10,16609.06,0,16609.06,paid,2025-07-04T14:00:00
INV-451-202507,ACC-451,2025-06-10,2025-07-10,39747.67,0,39747.67,paid,2025-07-03T14:00:00
INV-452-202507,ACC-452,2025-06-10,2025-07-10,4222.03,46.37,4268.4,paid,2025-07-06T14:00:00
INV-453-202507,ACC-453,2025-06-10,2025-07-10,24052.88,0,24052.88,past_due,2025-07-04T14:00:00
INV-454-202507,ACC-454,2025-06-10,2025-07-10,1330.12,0,1330.12,pending,2025-07-04T14:00:00
INV-455-202507,ACC-455,2025-06-10,2025-07-10,8256.53,0,8256.53,pending,2025-07-08T14:00:00
INV-456-202507,ACC-456,2025-06-10,2025-07-10,9634.48,0,9634.48,pending,2025-07-08T14:00:00
INV-457-202507,ACC-457,2025-06-10,2025-07-10,3159.19,0,3159.19,paid,2025-07-08T14:00:00
INV-458-202507,ACC-458,2025-06-10,2025-07-10,29350.62,0,29350.62,pending,2025-07-03T14:00:00
INV-459-202507,ACC-459,2025-06-10,2025-07-10,9555.84,0,9555.84,paid,2025-07-09T14:00:00
INV-460-202507,ACC-460,2025-06-10,2025-07-10,10523.86,0,10523.86,paid,2025-07-03T14:00:00
INV-461-202507,ACC-461,2025-06-10,2025-07-10,34292.72,0,34292.72,paid,2025-07-04T14:00:00
INV-462-202507,ACC-462,2025-06-10,2025-07-10,2245.65,0,2245.65,paid,2025-07-08T14:00:00
INV-463-202507,ACC-463,2025-06-10,2025-07-10,41946.08,396.52,42342.6,paid,2025-07-05T14:00:00
INV-464-202507,ACC-464,2025-06-10,2025-07-10,15802.86,0,15802.86,paid,2025-07-05T14:00:00
INV-465-202507,ACC-465,2025-06-10,2025-07-10,12443.34,0.01,12443.35,paid,2025-07-05T14:00:00
INV-466-202507,ACC-466,2025-06-10,2025-07-10,14243.86,1516.59,15760.45,paid,2025-07-08T14:00:00
INV-467-202507,ACC-467,2025-06-10,2025-07-10,52793.03,0,52793.03,paid,2025-07-09T14:00:00
INV-468-202507,ACC-468,2025-06-10,2025-07-10,3392.55,0,3392.55,paid,2025-07-05T14:00:00
INV-469-202507,ACC-469,2025-06-10,2025-07-10,6533.61,0,6533.61,paid,2025-07-08T14:00:00
INV-470-202507,ACC-470,2025-06-10,2025-07-10,9146.48,103.66,9250.14,paid,2025-07-06T14:00:00
INV-471-202507,ACC-471,2025-06-10,2025-07-10,11106.78,0,11106.78,paid,2025-07-03T14:00:00
INV-472-202507,ACC-472,2025-06-10,2025-07-10,2713.51,0,2713.51,paid,2025-07-05T14:00:00
INV-473-202507,ACC-473,2025-06-10,2025-07-10,11844.12,0,11844.12,paid,2025-07-09T14:00:00
INV-474-202507,ACC-474,2025-06-10,2025-07-10,53948.26,0,53948.26,past_due,2025-07-07T14:00:00
INV-475-202507,ACC-475,2025-06-10,2025-07-10,28744.39,0,28744.39,paid,2025-07-09T14:00:00
INV-476-202507,ACC-476,2025-06-10,2025-07-10,11667.86,0,11667.86,paid,2025-07-05T14:00:00
INV-477-202507,ACC-477,2025-06-10,2025-07-10,3405.11,0,3405.11,paid,2025-07-08T14:00:00
INV-479-202507,ACC-479,2025-06-10,2025-07-10,2151.18,0,2151.18,paid,2025-07-05T14:00:00
INV-480-202507,ACC-480,2025-06-10,2025-07-10,41279.24,0,41279.24,past_due,2025-07-08T14:00:00
INV-481-202507,ACC-481,2025-06-10,2025-07-10,34000.4,0,34000.4,paid,2025-07-04T14:00:00
INV-482-202507,ACC-482,2025-06-10,2025-07-10,40688.31,836.23,41524.54,paid,2025-07-07T14:00:00
INV-483-202507,ACC-483,2025-06-10,2025-07-10,37985.15,0,37985.15,paid,2025-07-03T14:00:00
INV-484-202507,ACC-484,2025-06-10,2025-07-10,11446.78,0,11446.78,paid,2025-07-09T14:00:00
INV-485-202507,ACC-485,2025-06-10,2025-07-10,2576.43,69.05,2645.48,paid,2025-07-03T14:00:00
INV-486-202507,ACC-486,2025-06-10,2025-07-10,22997.17,0,22997.17,paid,2025-07-06T14:00:00
INV-487-202507,ACC-487,2025-06-10,2025-07-10,15291.56,0,15291.56,pending,2025-07-06T14:00:00
INV-488-202507,ACC-488,2025-06-10,2025-07-10,7107.58,0,7107.58,paid,2025-07-09T14:00:00
INV-489-202507,ACC-489,2025-06-10,2025-07-10,895.08,0,895.08,paid,2025-07-07T14:00:00
INV-490-202507,ACC-490,2025-06-10,2025-07-10,10560.74,0,10560.74,paid,2025-07-03T14:00:00
INV-491-202507,ACC-491,2025-06-10,2025-07-10,9936.33,0,9936.33,paid,2025-07-06T14:00:00
INV-492-202507,ACC-492,2025-06-10,2025-07-10,3270.93,0,3270.93,pending,2025-07-06T14:00:00
INV-493-202507,ACC-493,2025-06-10,2025-07-10,53506.64,0,53506.64,paid,2025-07-08T14:00:00
INV-494-202507,ACC-494,2025-06-10,2025-07-10,6160.43,0.01,6160.44,pending,2025-07-06T14:00:00
INV-495-202507,ACC-495,2025-06-10,2025-07-10,2798.05,0,2798.05,paid,2025-07-06T14:00:00
INV-496-202507,ACC-496,2025-06-10,2025-07-10,11905.99,168.59,12074.58,pending,2025-07-05T14:00:00
INV-497-202507,ACC-497,2025-06-10,2025-07-10,45822.72,2105.13,47927.85,pending,2025-07-05T14:00:00
INV-498-202507,ACC-498,2025-06-10,2025-07-10,818.81,0,818.81,pending,2025-07-06T14:00:00
INV-499-202507,ACC-499,2025-06-10,2025-07-10,12605.67,0,12605.67,paid,2025-07-09T14:00:00
INV-500-202507,ACC-500,2025-06-10,2025-07-10,12906.16,0,12906.16,paid,2025-07-05T14:00:00
INV-501-202507,ACC-501,2025-06-10,2025-07-10,17460.29,0,17460.29,pending,2025-07-08T14:00:00
INV-502-202507,ACC-502,2025-06-10,2025-07-10,9137.75,0,9137.75,paid,2025-07-03T14:00:00
INV-503-202507,ACC-503,2025-06-10,2025-07-10,18062.78,0,18062.78,paid,2025-07-08T14:00:00
INV-504-202507,ACC-504,2025-06-10,2025-07-10,12902.86,0,12902.86,paid,2025-07-06T14:00:00
INV-505-202507,ACC-505,2025-06-10,2025-07-10,15216.47,0,15216.47,paid,2025-07-09T14:00:00
INV-506-202507,ACC-506,2025-06-10,2025-07-10,5016.43,0,5016.43,paid,2025-07-03T14:00:00
INV-507-202507,ACC-507,2025-06-10,2025-07-10,11728.64,0,11728.64,paid,2025-07-05T14:00:00
INV-508-202507,ACC-508,2025-06-10,2025-07-10,38092.49,0,38092.49,paid,2025-07-07T14:00:00
INV-509-202507,ACC-509,2025-06-10,2025-07-10,9214.36,0,9214.36,paid,2025-07-04T14:00:00
INV-510-202507,ACC-510,2025-06-10,2025-07-10,14251.85,0,14251.85,pending,2025-07-09T14:00:00
INV-511-202507,ACC-511,2025-06-10,2025-07-10,13665.52,0,13665.52,paid,2025-07-06T14:00:00
INV-512-202507,ACC-512,2025-06-10,2025-07-10,10814.67,0,10814.67,paid,2025-07-08T14:00:00
INV-513-202507,ACC-513,2025-06-10,2025-07-10,27489.68,0,27489.68,paid,2025-07-05T14:00:00
INV-514-202507,ACC-514,2025-06-10,2025-07-10,2709.22,0,2709.22,pending,2025-07-07T14:00:00
INV-515-202507,ACC-515,2025-06-10,2025-07-10,5509.76,0,5509.76,paid,2025-07-05T14:00:00
INV-516-202507,ACC-516,2025-06-10,2025-07-10,1743.02,0,1743.02,paid,2025-07-06T14:00:00
INV-517-202507,ACC-517,2025-06-10,2025-07-10,3101.94,0,3101.94,pending,2025-07-07T14:00:00
INV-518-202507,ACC-518,2025-06-10,2025-07-10,1235.75,0,1235.75,paid,2025-07-03T14:00:00
INV-519-202507,ACC-519,2025-06-10,2025-07-10,43956.57,1415.18,45371.75,paid,2025-07-05T14:00:00
INV-520-202507,ACC-520,2025-06-10,2025-07-10,30668.97,0,30668.97,paid,2025-07-05T14:00:00
INV-521-202507,ACC-521,2025-06-10,2025-07-10,1232.77,0,1232.77,paid,2025-07-08T14:00:00
INV-522-202507,ACC-522,2025-06-10,2025-07-10,14007.44,0,14007.44,paid,2025-07-09T14:00:00
INV-523-202507,ACC-523,2025-06-10,2025-07-10,15647.99,0,15647.99,paid,2025-07-09T14:00:00
INV-524-202507,ACC-524,2025-06-10,2025-07-10,7089.98,0,7089.98,paid,2025-07-06T14:00:00
INV-525-202507,ACC-525,2025-06-10,2025-07-10,10161.16,0,10161.16,paid,2025-07-03T14:00:00
INV-526-202507,ACC-526,2025-06-10,2025-07-10,11014.75,0,11014.75,paid,2025-07-04T14:00:00
INV-527-202507,ACC-527,2025-06-10,2025-07-10,1685.33,0,1685.33,paid,2025-07-09T14:00:00
INV-528-202507,ACC-528,2025-06-10,2025-07-10,21930.77,4343.58,26274.35,paid,2025-07-07T14:00:00
INV-529-202507,ACC-529,2025-06-10,2025-07-10,2586.17,33.37,2619.54,paid,2025-07-09T14:00:00
INV-530-202507,ACC-530,2025-06-10,2025-07-10,25780.77,0,25780.77,pending,2025-07-04T14:00:00
INV-532-202507,ACC-532,2025-06-10,2025-07-10,13580.07,0,13580.07,paid,2025-07-09T14:00:00
INV-533-202507,ACC-533,2025-06-10,2025-07-10,2034.52,0,2034.52,paid,2025-07-09T14:00:00
INV-534-202507,ACC-534,2025-06-10,2025-07-10,2735.43,0,2735.43,paid,2025-07-09T14:00:00
INV-535-202507,ACC-535,2025-06-10,2025-07-10,2143.16,0,2143.16,pending,2025-07-05T14:00:00
INV-536-202507,ACC-536,2025-06-10,2025-07-10,10211.3,0,10211.3,paid,2025-07-06T14:00:00
INV-537-202507,ACC-537,2025-06-10,2025-07-10,992.74,80.2,1072.94,paid,2025-07-07T14:00:00
INV-538-202507,ACC-538,2025-06-10,2025-07-10,22268.88,0,22268.88,paid,2025-07-07T14:00:00
INV-539-202507,ACC-539,2025-06-10,2025-07-10,10353.8,0,10353.8,paid,2025-07-04T14:00:00
INV-540-202507,ACC-540,2025-06-10,2025-07-10,9909.99,163.07,10073.06,paid,2025-07-07T14:00:00
INV-541-202507,ACC-541,2025-06-10,2025-07-10,9871.7,0,9871.7,pending,2025-07-05T14:00:00
INV-542-202507,ACC-542,2025-06-10,2025-07-10,44323.32,0,44323.32,paid,2025-07-09T14:00:00
INV-543-202507,ACC-543,2025-06-10,2025-07-10,2187.85,0,2187.85,paid,2025-07-09T14:00:00
INV-544-202507,ACC-544,2025-06-10,2025-07-10,42945.89,0,42945.89,paid,2025-07-08T14:00:00
INV-545-202507,ACC-545,2025-06-10,2025-07-10,9264.82,0,9264.82,paid,2025-07-09T14:00:00
INV-546-202507,ACC-546,2025-06-10,2025-07-10,16041.85,0,16041.85,paid,2025-07-06T14:00:00
INV-547-202507,ACC-547,2025-06-10,2025-07-10,15375.76,0,15375.76,paid,2025-07-05T14:00:00
INV-548-202507,ACC-548,2025-06-10,2025-07-10,8145.59,0,8145.59,pending,2025-07-04T14:00:00
INV-549-202507,ACC-549,2025-06-10,2025-07-10,43893.19,0,43893.19,pending,2025-07-05T14:00:00
INV-550-202507,ACC-550,2025-06-10,2025-07-10,12026.29,0,12026.29,paid,2025-07-04T14:00:00
INV-551-202507,ACC-551,2025-06-10,2025-07-10,13785.92,30.61,13816.53,paid,2025-07-03T14:00:00
INV-552-202507,ACC-552,2025-06-10,2025-07-10,5581.06,0,5581.06,paid,2025-07-09T14:00:00
INV-553-202507,ACC-553,2025-06-10,2025-07-10,29959.97,0,29959.97,pending,2025-07-06T14:00:00
INV-554-202507,ACC-554,2025-06-10,2025-07-10,30997.67,0,30997.67,paid,2025-07-07T14:00:00
INV-555-202507,ACC-555,2025-06-10,2025-07-10,13656.33,0,13656.33,pending,2025-07-04T14:00:00
INV-556-202507,ACC-556,2025-06-10,2025-07-10,38558.24,880.25,39438.49,failed,2025-07-05T14:00:00
INV-557-202507,ACC-557,2025-06-10,2025-07-10,37400.36,0,37400.36,paid,2025-07-04T14:00:00
INV-558-202507,ACC-558,2025-06-10,2025-07-10,14861.14,0,14861.14,pending,2025-07-09T14:00:00
INV-559-202507,ACC-559,2025-06-10,2025-07-10,26162.04,1506.54,27668.58,pending,2025-07-08T14:00:00
INV-560-202507,ACC-560,2025-06-10,2025-07-10,784.56,0,784.56,pending,2025-07-06T14:00:00
INV-561-202507,ACC-561,2025-06-10,2025-07-10,49586.28,0,49586.28,paid,2025-07-04T14:00:00
INV-562-202507,ACC-562,2025-06-10,2025-07-10,8670.56,0,8670.56,paid,2025-07-08T14:00:00
INV-563-202507,ACC-563,2025-06-10,2025-07-10,7014.7,0,7014.7,paid,2025-07-03T14:00:00
INV-564-202507,ACC-564,2025-06-10,2025-07-10,9851.15,0,9851.15,paid,2025-07-05T14:00:00
INV-565-202507,ACC-565,2025-06-10,2025-07-10,6569.65,0,6569.65,paid,2025-07-06T14:00:00
INV-566-202507,ACC-566,2025-06-10,2025-07-10,12353.39,0,12353.39,paid,2025-07-08T14:00:00
INV-567-202507,ACC-567,2025-06-10,2025-07-10,11995.58,0,11995.58,past_due,2025-07-04T14:00:00
INV-568-202507,ACC-568,2025-06-10,2025-07-10,2892.79,0,2892.79,past_due,2025-07-08T14:00:00
INV-569-202507,ACC-569,2025-06-10,2025-07-10,1374.09,0,1374.09,paid,2025-07-05T14:00:00
INV-570-202507,ACC-570,2025-06-10,2025-07-10,41350.08,0,41350.08,paid,2025-07-03T14:00:00
INV-571-202507,ACC-571,2025-06-10,2025-07-10,15286.55,0,15286.55,paid,2025-07-04T14:00:00
INV-572-202507,ACC-572,2025-06-10,2025-07-10,13804.77,0,13804.77,paid,2025-07-06T14:00:00
INV-573-202507,ACC-573,2025-06-10,2025-07-10,3536.68,0,3536.68,paid,2025-07-03T14:00:00
INV-574-202507,ACC-574,2025-06-10,2025-07-10,8813.64,0,8813.64,paid,2025-07-07T14:00:00
INV-575-202507,ACC-575,2025-06-10,2025-07-10,32901.8,0,32901.8,pending,2025-07-09T14:00:00
INV-576-202507,ACC-576,2025-06-10,2025-07-10,7706.63,0,7706.63,paid,2025-07-04T14:00:00
INV-577-202507,ACC-577,2025-06-10,2025-07-10,10699.18,0,10699.18,paid,2025-07-08T14:00:00
INV-578-202507,ACC-578,2025-06-10,2025-07-10,47662.07,0,47662.07,paid,2025-07-05T14:00:00
INV-579-202507,ACC-579,2025-06-10,2025-07-10,1114.29,0,1114.29,paid,2025-07-09T14:00:00
INV-580-202507,ACC-580,2025-06-10,2025-07-10,3243.32,0,3243.32,paid,2025-07-08T14:00:00
INV-581-202507,ACC-581,2025-06-10,2025-07-10,7214.11,0,7214.11,pending,2025-07-08T14:00:00
INV-582-202507,ACC-582,2025-06-10,2025-07-10,8031.72,0,8031.72,paid,2025-07-04T14:00:00
INV-583-202507,ACC-583,2025-06-10,2025-07-10,18965.99,0,18965.99,paid,2025-07-04T14:00:00
INV-585-202507,ACC-585,2025-06-10,2025-07-10,15620.45,0,15620.45,past_due,2025-07-09T14:00:00
INV-586-202507,ACC-586,2025-06-10,2025-07-10,30961.25,0,30961.25,pending,2025-07-04T14:00:00
INV-587-202507,ACC-587,2025-06-10,2025-07-10,7938.95,0,7938.95,paid,2025-07-04T14:00:00
INV-588-202507,ACC-588,2025-06-10,2025-07-10,1071.42,0,1071.42,paid,2025-07-06T14:00:00
INV-589-202507,ACC-589,2025-06-10,2025-07-10,6660.32,0,6660.32,paid,2025-07-06T14:00:00
INV-590-202507,ACC-590,2025-06-10,2025-07-10,50831.77,1066.51,51898.28,paid,2025-07-04T14:00:00
INV-591-202507,ACC-591,2025-06-10,2025-07-10,12245.35,0,12245.35,paid,2025-07-04T14:00:00
INV-592-202507,ACC-592,2025-06-10,2025-07-10,5574.15,0,5574.15,paid,2025-07-06T14:00:00
INV-593-202507,ACC-593,2025-06-10,2025-07-10,40000.33,1000.05,41000.38,paid,2025-07-09T14:00:00
INV-594-202507,ACC-594,2025-06-10,2025-07-10,742.67,0,742.67,pending,2025-07-09T14:00:00
INV-595-202507,ACC-595,2025-06-10,2025-07-10,14593.01,47.69,14640.7,past_due,2025-07-08T14:00:00
INV-596-202507,ACC-596,2025-06-10,2025-07-10,3371.57,0,3371.57,paid,2025-07-09T14:00:00
INV-597-202507,ACC-597,2025-06-10,2025-07-10,12309.96,0,12309.96,paid,2025-07-07T14:00:00
INV-598-202507,ACC-598,2025-06-10,2025-07-10,1040.62,0,1040.62,paid,2025-07-08T14:00:00
INV-599-202507,ACC-599,2025-06-10,2025-07-10,34625.61,0,34625.61,paid,2025-07-05T14:00:00
INV-600-202507,ACC-600,2025-06-10,2025-07-10,25924.39,0,25924.39,paid,2025-07-05T14:00:00
INV-601-202507,ACC-601,2025-06-10,2025-07-10,7749.57,0,7749.57,pending,2025-07-06T14:00:00
INV-602-202507,ACC-602,2025-06-10,2025-07-10,4722.68,0,4722.68,paid,2025-07-08T14:00:00
INV-603-202507,ACC-603,2025-06-10,2025-07-10,18483.21,0,18483.21,paid,2025-07-03T14:00:00
INV-604-202507,ACC-604,2025-06-10,2025-07-10,1106.9,114.16,1221.06,paid,2025-07-03T14:00:00
INV-605-202507,ACC-605,2025-06-10,2025-07-10,13139.29,0,13139.29,paid,2025-07-05T14:00:00
INV-606-202507,ACC-606,2025-06-10,2025-07-10,17642.51,68.91,17711.42,past_due,2025-07-09T14:00:00
INV-607-202507,ACC-607,2025-06-10,2025-07-10,33103.48,0,33103.48,pending,2025-07-09T14:00:00
INV-608-202507,ACC-608,2025-06-10,2025-07-10,42753.32,0,42753.32,pending,2025-07-04T14:00:00
INV-609-202507,ACC-609,2025-06-10,2025-07-10,2654.25,0,2654.25,paid,2025-07-03T14:00:00
INV-610-202507,ACC-610,2025-06-10,2025-07-10,15700.52,0.01,15700.53,paid,2025-07-09T14:00:00
INV-611-202507,ACC-611,2025-06-10,2025-07-10,47546.83,0,47546.83,pending,2025-07-04T14:00:00
INV-612-202507,ACC-612,2025-06-10,2025-07-10,1615.86,0,1615.86,paid,2025-07-09T14:00:00
INV-613-202507,ACC-613,2025-06-10,2025-07-10,55627.11,0,55627.11,pending,2025-07-08T14:00:00
INV-614-202507,ACC-614,2025-06-10,2025-07-10,4322.35,0,4322.35,paid,2025-07-04T14:00:00
INV-615-202507,ACC-615,2025-06-10,2025-07-10,47222.04,0,47222.04,paid,2025-07-09T14:00:00
INV-616-202507,ACC-616,2025-06-10,2025-07-10,3538.1,0,3538.1,past_due,2025-07-04T14:00:00
INV-617-202507,ACC-617,2025-06-10,2025-07-10,9180.86,10.06,9190.92,paid,2025-07-06T14:00:00
INV-618-202507,ACC-618,2025-06-10,2025-07-10,17056.89,0,17056.89,paid,2025-07-06T14:00:00
INV-619-202507,ACC-619,2025-06-10,2025-07-10,53160.61,0,53160.61,paid,2025-07-04T14:00:00
INV-620-202507,ACC-620,2025-06-10,2025-07-10,30533.67,0,30533.67,paid,2025-07-05T14:00:00
INV-621-202507,ACC-621,2025-06-10,2025-07-10,36490.59,2344.5,38835.09,paid,2025-07-04T14:00:00
INV-622-202507,ACC-622,2025-06-10,2025-07-10,3120.42,0,3120.42,pending,2025-07-05T14:00:00
INV-623-202507,ACC-623,2025-06-10,2025-07-10,8972.3,0,8972.3,paid,2025-07-08T14:00:00
INV-624-202507,ACC-624,2025-06-10,2025-07-10,12736.98,0,12736.98,paid,2025-07-04T14:00:00
INV-625-202507,ACC-625,2025-06-10,2025-07-10,3493.73,0,3493.73,paid,2025-07-05T14:00:00
INV-626-202507,ACC-626,2025-06-10,2025-07-10,32084.84,0,32084.84,paid,2025-07-03T14:00:00
INV-627-202507,ACC-627,2025-06-10,2025-07-10,13786.33,0,13786.33,paid,2025-07-06T14:00:00
INV-628-202507,ACC-628,2025-06-10,2025-07-10,1732.78,0,1732.78,paid,2025-07-06T14:00:00
INV-629-202507,ACC-629,2025-06-10,2025-07-10,1856.15,0,1856.15,paid,2025-07-06T14:00:00
INV-630-202507,ACC-630,2025-06-10,2025-07-10,24644.69,1278.27,25922.96,paid,2025-07-07T14:00:00
INV-631-202507,ACC-631,2025-06-10,2025-07-10,1965.63,0,1965.63,paid,2025-07-03T14:00:00
INV-632-202507,ACC-632,2025-06-10,2025-07-10,49165.12,0,49165.12,paid,2025-07-08T14:00:00
INV-633-202507,ACC-633,2025-06-10,2025-07-10,42601.83,0,42601.83,failed,2025-07-07T14:00:00
INV-634-202507,ACC-634,2025-06-10,2025-07-10,28125.37,0,28125.37,past_due,2025-07-05T14:00:00
INV-635-202507,ACC-635,2025-06-10,2025-07-10,6965.23,0,6965.23,paid,2025-07-08T14:00:00
INV-636-202507,ACC-636,2025-06-10,2025-07-10,5116.43,0,5116.43,paid,2025-07-04T14:00:00
INV-638-202507,ACC-638,2025-06-10,2025-07-10,27846.15,0,27846.15,paid,2025-07-07T14:00:00
INV-639-202507,ACC-639,2025-06-10,2025-07-10,43585.62,0,43585.62,paid,2025-07-07T14:00:00
INV-640-202507,ACC-640,2025-06-10,2025-07-10,1595.41,0,1595.41,paid,2025-07-09T14:00:00
INV-641-202507,ACC-641,2025-06-10,2025-07-10,13544.89,0,13544.89,paid,2025-07-03T14:00:00
INV-642-202507,ACC-642,2025-06-10,2025-07-10,3088.04,0,3088.04,paid,2025-07-04T14:00:00
INV-643-202507,ACC-643,2025-06-10,2025-07-10,1062.75,0,1062.75,paid,2025-07-06T14:00:00
INV-644-202507,ACC-644,2025-06-10,2025-07-10,31690.91,0,31690.91,paid,2025-07-03T14:00:00
INV-645-202507,ACC-645,2025-06-10,2025-07-10,48864.46,0,48864.46,paid,2025-07-09T14:00:00
INV-646-202507,ACC-646,2025-06-10,2025-07-10,1923.06,0,1923.06,paid,2025-07-08T14:00:00
INV-647-202507,ACC-647,2025-06-10,2025-07-10,10338.09,0,10338.09,paid,2025-07-08T14:00:00
INV-648-202507,ACC-648,2025-06-10,2025-07-10,1785.83,0,1785.83,paid,2025-07-06T14:00:00
INV-649-202507,ACC-649,2025-06-10,2025-07-10,16973.18,0,16973.18,paid,2025-07-04T14:00:00
INV-650-202507,ACC-650,2025-06-10,2025-07-10,764.84,34.55,799.39,paid,2025-07-03T14:00:00
INV-651-202507,ACC-651,2025-06-10,2025-07-10,2023.92,0,2023.92,paid,2025-07-06T14:00:00
INV-652-202507,ACC-652,2025-06-10,2025-07-10,41777.19,1721.34,43498.53,paid,2025-07-08T14:00:00
INV-653-202507,ACC-653,2025-06-10,2025-07-10,2207.03,0,2207.03,paid,2025-07-06T14:00:00
INV-654-202507,ACC-654,2025-06-10,2025-07-10,10689.41,0,10689.41,pending,2025-07-07T14:00:00
INV-655-202507,ACC-655,2025-06-10,2025-07-10,6167.27,0,6167.27,past_due,2025-07-03T14:00:00
INV-656-202507,ACC-656,2025-06-10,2025-07-10,48778.72,0,48778.72,pending,2025-07-08T14:00:00
INV-657-202507,ACC-657,2025-06-10,2025-07-10,2166.72,0,2166.72,paid,2025-07-08T14:00:00
INV-658-202507,ACC-658,2025-06-10,2025-07-10,7453.48,0,7453.48,paid,2025-07-08T14:00:00
INV-659-202507,ACC-659,2025-06-10,2025-07-10,2925.94,0,2925.94,paid,2025-07-06T14:00:00
INV-660-202507,ACC-660,2025-06-10,2025-07-10,15458.79,0,15458.79,paid,2025-07-04T14:00:00
INV-661-202507,ACC-661,2025-06-10,2025-07-10,8716.62,114.16,8830.78,paid,2025-07-09T14:00:00
INV-662-202507,ACC-662,2025-06-10,2025-07-10,6292.13,0,6292.13,past_due,2025-07-03T14:00:00
INV-663-202507,ACC-663,2025-06-10,2025-07-10,16581.82,0,16581.82,paid,2025-07-08T14:00:00
INV-664-202507,ACC-664,2025-06-10,2025-07-10,36935.36,0,36935.36,paid,2025-07-09T14:00:00
INV-665-202507,ACC-665,2025-06-10,2025-07-10,20437.06,0,20437.06,paid,2025-07-08T14:00:00
INV-666-202507,ACC-666,2025-06-10,2025-07-10,12201.37,0,12201.37,pending,2025-07-03T14:00:00
INV-667-202507,ACC-667,2025-06-10,2025-07-10,17748.29,1305.08,19053.37,paid,2025-07-09T14:00:00
INV-668-202507,ACC-668,2025-06-10,2025-07-10,27573.55,0,27573.55,pending,2025-07-03T14:00:00
INV-669-202507,ACC-669,2025-06-10,2025-07-10,2910.22,0,2910.22,paid,2025-07-08T14:00:00
INV-670-202507,ACC-670,2025-06-10,2025-07-10,2631.75,0,2631.75,paid,2025-07-05T14:00:00
INV-671-202507,ACC-671,2025-06-10,2025-07-10,27784.3,29.3,27813.6,pending,2025-07-08T14:00:00
INV-672-202507,ACC-672,2025-06-10,2025-07-10,17573.69,99.45,17673.14,paid,2025-07-07T14:00:00
INV-673-202507,ACC-673,2025-06-10,2025-07-10,758.42,0,758.42,paid,2025-07-04T14:00:00
INV-674-202507,ACC-674,2025-06-10,2025-07-10,17394.2,0,17394.2,paid,2025-07-06T14:00:00
INV-675-202507,ACC-675,2025-06-10,2025-07-10,29450.42,0,29450.42,paid,2025-07-04T14:00:00
INV-676-202507,ACC-676,2025-06-10,2025-07-10,918.06,0,918.06,paid,2025-07-05T14:00:00
INV-677-202507,ACC-677,2025-06-10,2025-07-10,43882.34,0,43882.34,paid,2025-07-08T14:00:00
INV-678-202507,ACC-678,2025-06-10,2025-07-10,15053.38,0,15053.38,paid,2025-07-09T14:00:00
INV-679-202507,ACC-679,2025-06-10,2025-07-10,5967.35,0,5967.35,pending,2025-07-08T14:00:00
INV-680-202507,ACC-680,2025-06-10,2025-07-10,9067.66,0,9067.66,pending,2025-07-03T14:00:00
INV-681-202507,ACC-681,2025-06-10,2025-07-10,6846.14,0,6846.14,paid,2025-07-09T14:00:00
INV-682-202507,ACC-682,2025-06-10,2025-07-10,1502.24,0,1502.24,past_due,2025-07-06T14:00:00
INV-683-202507,ACC-683,2025-06-10,2025-07-10,51997.14,2368.6,54365.74,paid,2025-07-03T14:00:00
INV-684-202507,ACC-684,2025-06-10,2025-07-10,3437.78,0,3437.78,paid,2025-07-07T14:00:00
INV-685-202507,ACC-685,2025-06-10,2025-07-10,1888.75,0,1888.75,paid,2025-07-03T14:00:00
INV-686-202507,ACC-686,2025-06-10,2025-07-10,28795.61,0,28795.61,paid,2025-07-05T14:00:00
INV-687-202507,ACC-687,2025-06-10,2025-07-10,17229.34,0,17229.34,past_due,2025-07-06T14:00:00
INV-688-202507,ACC-688,2025-06-10,2025-07-10,7023.63,0,7023.63,paid,2025-07-03T14:00:00
INV-689-202507,ACC-689,2025-06-10,2025-07-10,10782.4,0,10782.4,pending,2025-07-04T14:00:00
INV-691-202507,ACC-691,2025-06-10,2025-07-10,23623.04,0,23623.04,past_due,2025-07-07T14:00:00
INV-692-202507,ACC-692,2025-06-10,2025-07-10,1540.34,0,1540.34,paid,2025-07-05T14:00:00
INV-693-202507,ACC-693,2025-06-10,2025-07-10,41744.43,0,41744.43,paid,2025-07-06T14:00:00
INV-694-202507,ACC-694,2025-06-10,2025-07-10,1713.31,40.14,1753.45,paid,2025-07-06T14:00:00
INV-695-202507,ACC-695,2025-06-10,2025-07-10,6855.93,0,6855.93,paid,2025-07-08T14:00:00
INV-696-202507,ACC-696,2025-06-10,2025-07-10,44019.62,0,44019.62,paid,2025-07-03T14:00:00
INV-697-202507,ACC-697,2025-06-10,2025-07-10,11531.49,0.01,11531.5,paid,2025-07-09T14:00:00
INV-698-202507,ACC-698,2025-06-10,2025-07-10,31129.42,0,31129.42,pending,2025-07-03T14:00:00
INV-699-202507,ACC-699,2025-06-10,2025-07-10,17389.36,0,17389.36,paid,2025-07-09T14:00:00
INV-700-202507,ACC-700,2025-06-10,2025-07-10,9356.26,0,9356.26,paid,2025-07-06T14:00:00
INV-701-202507,ACC-701,2025-06-10,2025-07-10,2934.61,0,2934.61,paid,2025-07-05T14:00:00
INV-702-202507,ACC-702,2025-06-10,2025-07-10,1140.3,0,1140.3,failed,2025-07-09T14:00:00
INV-703-202507,ACC-703,2025-06-10,2025-07-10,18159.49,0,18159.49,paid,2025-07-09T14:00:00
INV-704-202507,ACC-704,2025-06-10,2025-07-10,49754.51,1730.18,51484.69,paid,2025-07-06T14:00:00
INV-705-202507,ACC-705,2025-06-10,2025-07-10,856.53,41.6,898.13,paid,2025-07-06T14:00:00
INV-706-202507,ACC-706,2025-06-10,2025-07-10,7596.98,0,7596.98,paid,2025-07-09T14:00:00
INV-707-202507,ACC-707,2025-06-10,2025-07-10,12215.71,0,12215.71,paid,2025-07-04T14:00:00
INV-708-202507,ACC-708,2025-06-10,2025-07-10,38608.08,0,38608.08,paid,2025-07-08T14:00:00
INV-709-202507,ACC-709,2025-06-10,2025-07-10,4998.03,0,4998.03,pending,2025-07-09T14:00:00
INV-710-202507,ACC-710,2025-06-10,2025-07-10,1415.05,0,1415.05,paid,2025-07-09T14:00:00
INV-711-202507,ACC-711,2025-06-10,2025-07-10,26475.59,0,26475.59,pending,2025-07-09T14:00:00
INV-712-202507,ACC-712,2025-06-10,2025-07-10,9458.84,0,9458.84,paid,2025-07-03T14:00:00
INV-713-202507,ACC-713,2025-06-10,2025-07-10,46072.91,0,46072.91,paid,2025-07-08T14:00:00
INV-714-202507,ACC-714,2025-06-10,2025-07-10,48068.84,2559.23,50628.07,paid,2025-07-08T14:00:00
INV-715-202507,ACC-715,2025-06-10,2025-07-10,2607.08,0,2607.08,pending,2025-07-04T14:00:00
INV-716-202507,ACC-716,2025-06-10,2025-07-10,15749.71,0,15749.71,paid,2025-07-06T14:00:00
INV-717-202507,ACC-717,2025-06-10,2025-07-10,6287.71,0,6287.71,paid,2025-07-05T14:00:00
INV-718-202507,ACC-718,2025-06-10,2025-07-10,11161.44,0,11161.44,paid,2025-07-06T14:00:00
INV-719-202507,ACC-719,2025-06-10,2025-07-10,852.58,0,852.58,paid,2025-07-05T14:00:00
INV-720-202507,ACC-720,2025-06-10,2025-07-10,23031.81,0,23031.81,paid,2025-07-06T14:00:00
INV-721-202507,ACC-721,2025-06-10,2025-07-10,17106.64,0,17106.64,paid,2025-07-06T14:00:00
INV-722-202507,ACC-722,2025-06-10,2025-07-10,10385.91,0,10385.91,paid,2025-07-07T14:00:00
INV-723-202507,ACC-723,2025-06-10,2025-07-10,9024.92,0,9024.92,paid,2025-07-03T14:00:00
INV-724-202507,ACC-724,2025-06-10,2025-07-10,2011.32,0,2011.32,pending,2025-07-03T14:00:00
INV-725-202507,ACC-725,2025-06-10,2025-07-10,13717.95,0,13717.95,paid,2025-07-08T14:00:00
INV-726-202507,ACC-726,2025-06-10,2025-07-10,50575.89,0.01,50575.9,paid,2025-07-09T14:00:00
INV-727-202507,ACC-727,2025-06-10,2025-07-10,23613.79,106.77,23720.56,past_due,2025-07-08T14:00:00
INV-728-202507,ACC-728,2025-06-10,2025-07-10,3406.89,0,3406.89,past_due,2025-07-04T14:00:00
INV-729-202507,ACC-729,2025-06-10,2025-07-10,48369.37,0,48369.37,paid,2025-07-09T14:00:00
INV-730-202507,ACC-730,2025-06-10,2025-07-10,1532.14,0,1532.14,paid,2025-07-04T14:00:00
INV-731-202507,ACC-731,2025-06-10,2025-07-10,6736.77,0,6736.77,pending,2025-07-06T14:00:00
INV-732-202507,ACC-732,2025-06-10,2025-07-10,12169.89,0,12169.89,pending,2025-07-03T14:00:00
INV-733-202507,ACC-733,2025-06-10,2025-07-10,3044.91,0,3044.91,pending,2025-07-08T14:00:00
INV-734-202507,ACC-734,2025-06-10,2025-07-10,56181.71,0,56181.71,paid,2025-07-08T14:00:00
INV-735-202507,ACC-735,2025-06-10,2025-07-10,17624.12,0,17624.12,paid,2025-07-04T14:00:00
INV-736-202507,ACC-736,2025-06-10,2025-07-10,7064.48,0,7064.48,paid,2025-07-09T14:00:00
INV-737-202507,ACC-737,2025-06-10,2025-07-10,13597.88,0,13597.88,paid,2025-07-05T14:00:00
INV-738-202507,ACC-738,2025-06-10,2025-07-10,32440.24,212.89,32653.13,paid,2025-07-07T14:00:00
INV-739-202507,ACC-739,2025-06-10,2025-07-10,11985.3,0,11985.3,paid,2025-07-04T14:00:00
INV-740-202507,ACC-740,2025-06-10,2025-07-10,13680.39,0,13680.39,pending,2025-07-09T14:00:00
INV-741-202507,ACC-741,2025-06-10,2025-07-10,22082.78,850.05,22932.83,paid,2025-07-04T14:00:00
INV-742-202507,ACC-742,2025-06-10,2025-07-10,5397.84,0,5397.84,pending,2025-07-09T14:00:00
INV-744-202507,ACC-744,2025-06-10,2025-07-10,51309.68,0,51309.68,pending,2025-07-05T14:00:00
INV-745-202507,ACC-745,2025-06-10,2025-07-10,27252.13,1136.73,28388.86,paid,2025-07-03T14:00:00
INV-746-202507,ACC-746,2025-06-10,2025-07-10,2320.13,0,2320.13,paid,2025-07-06T14:00:00
INV-747-202507,ACC-747,2025-06-10,2025-07-10,43362.41,0,43362.41,paid,2025-07-08T14:00:00
INV-748-202507,ACC-748,2025-06-10,2025-07-10,50593.32,0,50593.32,pending,2025-07-07T14:00:00
INV-749-202507,ACC-749,2025-06-10,2025-07-10,11946.15,0,11946.15,past_due,2025-07-06T14:00:00
INV-750-202507,ACC-750,2025-06-10,2025-07-10,1177.68,0,1177.68,pending,2025-07-08T14:00:00
